location,graduated_from,graduation_date,lon_hometown,lat_hometown,lat_base,lon_base
"Kansas City, KS",TAAF,1945-04-15T00:00:00Z,-94.62678729999999,39.11553139999999,32.491944,-85.775556
"Greenville, SC",TAAF,1943-04-29T00:00:00Z,-82.3940104,34.85261759999999,32.491944,-85.775556
"Alexandria, VA",TAAF,1944-10-16T00:00:00Z,-77.0469214,38.8048355,32.491944,-85.775556
"Chicago, IL",TAAF,1944-02-08T00:00:00Z,-87.6297982,41.8781136,32.491944,-85.775556
"Georgetown, IL",TAAF,1944-11-20T00:00:00Z,-87.6358546,39.97531439999999,32.491944,-85.775556
"Georgetown, IL",TAAF,1944-04-15T00:00:00Z,-87.6358546,39.97531439999999,32.491944,-85.775556
"Harrisburg, PA",TAAF,1943-06-30T00:00:00Z,-76.8867008,40.2731911,32.491944,-85.775556
"Orange, NJ",TAAF,1945-06-27T00:00:00Z,-74.2326478,40.7706187,32.491944,-85.775556
"Bronx, NY",TAAF,1946-06-28T00:00:00Z,-73.8648268,40.8447819,32.491944,-85.775556
"Mobile, AL",TAAF,1943-03-25T00:00:00Z,-88.0398912,30.6953657,32.491944,-85.775556
"Kansas City, KS",TAAF,1944-12-28T00:00:00Z,-94.62678729999999,39.11553139999999,32.491944,-85.775556
"Chicago, IL",TAAF,1946-06-28T00:00:00Z,-87.6297982,41.8781136,32.491944,-85.775556
"Kansas City, KS",TAAF,1943-10-01T00:00:00Z,-94.62678729999999,39.11553139999999,32.491944,-85.775556
"Huntington, WV",TAAF,1944-11-20T00:00:00Z,-82.44515400000002,38.4192496,32.491944,-85.775556
"Carbondale, IL",TAAF,1944-09-08T00:00:00Z,-89.2167501,37.7272727,32.491944,-85.775556
"Woodbine, NY",TAAF,1944-10-16T00:00:00Z,-73.90911969999999,40.7002434,32.491944,-85.775556
"Indianapolis, IN",TAAF,1944-02-01T00:00:00Z,-86.158068,39.768403,32.491944,-85.775556
"Indianapolis, In",TAAF,1944-04-15T00:00:00Z,-86.158068,39.768403,32.491944,-85.775556
"New York, NY",TAAF,1943-07-28T00:00:00Z,-74.0059728,40.7127753,32.491944,-85.775556
"Philadelphia, PA",TAAF,1944-06-27T00:00:00Z,-75.1652215,39.9525839,32.491944,-85.775556
"Providence, RI",TAAF,1944-09-08T00:00:00Z,-71.4128343,41.8239891,32.491944,-85.775556
"Jersey City, NJ",TAAF,1945-11-20T00:00:00Z,-74.0431435,40.7177545,32.491944,-85.775556
"Sumter, SC",TAAF,1942-07-03T00:00:00Z,-80.3414693,33.9204354,32.491944,-85.775556
"Baltimore, MD",TAAF,1944-02-01T00:00:00Z,-76.6121893,39.2903848,32.491944,-85.775556
"Port Au Prince, Haiti",TAAF,1944-02-08T00:00:00Z,-72.3074326,18.594395,32.491944,-85.775556
"Puntagorda, FL",TAAF,1943-04-29T00:00:00Z,-82.0453664,26.9297836,32.491944,-85.775556
"Chicago, IL",TAAF,1943-07-28T00:00:00Z,-87.6297982,41.8781136,32.491944,-85.775556
"Richmond, VA",TAAF,1945-05-23T00:00:00Z,-77.4360481,37.5407246,32.491944,-85.775556
"Pittsburg, PA",TAAF,1945-08-04T00:00:00Z,-79.9958864,40.44062479999999,32.491944,-85.775556
"Philadelphia, PA",TAAF,1945-11-20T00:00:00Z,-75.1652215,39.9525839,32.491944,-85.775556
"Pasadena, CA",TAAF,1943-08-30T00:00:00Z,-118.1445155,34.1477849,32.491944,-85.775556
"Detroit, MI",TAAF,1946-03-23T00:00:00Z,-83.0457538,42.331427,32.491944,-85.775556
"Chicago, IL",TAAF,1944-09-08T00:00:00Z,-87.6297982,41.8781136,32.491944,-85.775556
"Lawrenceville, IL",TAAF,1944-04-15T00:00:00Z,-87.6816927,38.7292137,32.491944,-85.775556
"Lockhart, TX",TAAF,1945-08-04T00:00:00Z,-97.6699996,29.8849441,32.491944,-85.775556
"Jacksonville, FL",TAAF,1943-07-28T00:00:00Z,-81.65565099999999,30.3321838,32.491944,-85.775556
"Chicago, IL",TAAF,1946-03-23T00:00:00Z,-87.6297982,41.8781136,32.491944,-85.775556
"New York, NY",TAAF,1943-12-07T00:00:00Z,-74.0059728,40.7127753,32.491944,-85.775556
"Petersburg, VA",TAAF,1942-11-10T00:00:00Z,-77.40192669999999,37.2279279,32.491944,-85.775556
"Kansas City, MO",TAAF,1945-04-15T00:00:00Z,-94.5785667,39.0997265,32.491944,-85.775556
"Altoona, PA",TAAF,1946-06-28T00:00:00Z,-78.3947359,40.5186809,32.491944,-85.775556
"Jersey City, NJ",TAAF,1944-11-20T00:00:00Z,-74.0431435,40.7177545,32.491944,-85.775556
"Pulaski, IL",TAAF,1944-02-01T00:00:00Z,-89.2059111,37.2136615,32.491944,-85.775556
"Portland, OR",TAAF,1944-04-15T00:00:00Z,-122.6783853,45.515232,32.491944,-85.775556
"Chicago, IL",TAAF,1944-05-23T00:00:00Z,-87.6297982,41.8781136,32.491944,-85.775556
"New Orleans, LA",TAAF,1943-10-22T00:00:00Z,-90.0715323,29.95106579999999,32.491944,-85.775556
"Halesite, NY",TAAF,1946-01-29T00:00:00Z,-73.4153975,40.8884315,32.491944,-85.775556
"Ottumwa, IA",TAAF,1945-11-20T00:00:00Z,-92.40830220000001,41.01602930000001,32.491944,-85.775556
"Tuskegee Inst., AL",TAAF,1945-03-11T00:00:00Z,-85.7073277,32.4307809,32.491944,-85.775556
"Denver, CO",TAAF,1944-02-01T00:00:00Z,-104.990251,39.7392358,32.491944,-85.775556
"Fresno, CA",TAAF,1945-06-27T00:00:00Z,-119.7871247,36.7377981,32.491944,-85.775556
"Brooklyn, NY",TAAF,1944-08-04T00:00:00Z,-73.9441579,40.6781784,32.491944,-85.775556
"Houston, TX",TAAF,1943-09-30T00:00:00Z,-95.3698028,29.7604267,32.491944,-85.775556
"Dayton, OH",TAAF,1943-10-22T00:00:00Z,-84.1916069,39.7589478,32.491944,-85.775556
"Plainfield, NJ",TAAF,1943-12-05T00:00:00Z,-74.4073736,40.6337136,32.491944,-85.775556
"Baltimore, MD",TAAF,1943-08-30T00:00:00Z,-76.6121893,39.2903848,32.491944,-85.775556
"Albany, GA",TAAF,1945-06-27T00:00:00Z,-84.15574099999999,31.5785074,32.491944,-85.775556
"Hampton, VA",TAAF,1944-01-07T00:00:00Z,-76.34522179999999,37.0298687,32.491944,-85.775556
"Atlanta, GA",TAAF,1944-12-28T00:00:00Z,-84.3879824,33.7489954,32.491944,-85.775556
"Augusta, GA",TAAF,1944-12-28T00:00:00Z,-82.0105148,33.4734978,32.491944,-85.775556
"Arlington, VA",TAAF,1943-12-05T00:00:00Z,-77.09098089999999,38.8816208,32.491944,-85.775556
"Pittsburg, PA",TAAF,1945-09-08T00:00:00Z,-79.9958864,40.44062479999999,32.491944,-85.775556
"Hampton, VA",TAAF,1942-07-03T00:00:00Z,-76.34522179999999,37.0298687,32.491944,-85.775556
"Pascagoula, MS",TAAF,1944-05-23T00:00:00Z,-88.5561272,30.3657552,32.491944,-85.775556
"Chicago, IL",TAAF,1944-09-08T00:00:00Z,-87.6297982,41.8781136,32.491944,-85.775556
"Des Moines, IA",TAAF,1944-02-01T00:00:00Z,-93.6249593,41.5868353,32.491944,-85.775556
"Sumter, SC",TAAF,1943-03-25T00:00:00Z,-80.3414693,33.9204354,32.491944,-85.775556
"St. Louis, MO",TAAF,1943-12-05T00:00:00Z,-90.19940419999999,38.6270025,32.491944,-85.775556
"St. Louis, MO",TAAF,1944-05-23T00:00:00Z,-90.19940419999999,38.6270025,32.491944,-85.775556
"Kansas City, MO",TAAF,1944-04-15T00:00:00Z,-94.5785667,39.0997265,32.491944,-85.775556
"Buford, GA",TAAF,1944-02-08T00:00:00Z,-84.0043513,34.1206564,32.491944,-85.775556
"Poplar Bluff, MO",TAAF,1943-08-30T00:00:00Z,-90.392888,36.7569994,32.491944,-85.775556
"Joplin, MO",TAAF,1943-12-05T00:00:00Z,-94.51328099999999,37.08422710000001,32.491944,-85.775556
"Charlotte, NC",TAAF,1944-03-12T00:00:00Z,-80.8431267,35.2270869,32.491944,-85.775556
"Chicago, IL",TAAF,1944-11-20T00:00:00Z,-87.6297982,41.8781136,32.491944,-85.775556
"Orangeburg, SC",TAAF,1943-12-07T00:00:00Z,-80.8556476,33.4918203,32.491944,-85.775556
"Boston, MA",TAAF,1946-03-23T00:00:00Z,-71.0588801,42.3600825,32.491944,-85.775556
"St. Louis, MO",TAAF,1943-05-28T00:00:00Z,-90.19940419999999,38.6270025,32.491944,-85.775556
"Chicago, IL",TAAF,1943-06-30T00:00:00Z,-87.6297982,41.8781136,32.491944,-85.775556
"Oroville, CA",TAAF,1945-03-11T00:00:00Z,-121.556359,39.5137752,32.491944,-85.775556
"Bryn Mawr, PA",TAAF,1945-08-04T00:00:00Z,-75.3151772,40.0230237,32.491944,-85.775556
"Calumet City, IL",TAAF,1943-12-07T00:00:00Z,-87.5294871,41.6155909,32.491944,-85.775556
"Glassport, PA",TAAF,1943-05-28T00:00:00Z,-79.8922712,40.3247918,32.491944,-85.775556
"Cleveland, OH",TAAF,1942-04-29T00:00:00Z,-81.6943605,41.49932,32.491944,-85.775556
"East St. Louis, IL",TAAF,1945-04-15T00:00:00Z,-90.1506465,38.624514,32.491944,-85.775556
"Philadelphia, PA",TAAF,1944-08-04T00:00:00Z,-75.1652215,39.9525839,32.491944,-85.775556
"Chicago, IL",TAAF,1943-04-29T00:00:00Z,-87.6297982,41.8781136,32.491944,-85.775556
"Wilmington, NC",TAAF,1943-10-01T00:00:00Z,-77.8868117,34.2103894,32.491944,-85.775556
"Houma, LA",TAAF,1944-09-08T00:00:00Z,-90.71953479999999,29.5957696,32.491944,-85.775556
"Baltimore, MD",TAAF,1945-08-04T00:00:00Z,-76.6121893,39.2903848,32.491944,-85.775556
"Minneapolis, MN",TAAF,1944-05-23T00:00:00Z,-93.2650108,44.977753,32.491944,-85.775556
"Weeletka, OK",TAAF,1944-08-04T00:00:00Z,-96.1363921,35.335649600000004,32.491944,-85.775556
"Los Angeles, CA",TAAF,1943-11-03T00:00:00Z,-118.2436849,34.0522342,32.491944,-85.775556
"Detroit, MI",TAAF,1944-10-16T00:00:00Z,-83.0457538,42.331427,32.491944,-85.775556
"Jamaica, NY",TAAF,1944-02-01T00:00:00Z,-73.7889689,40.702677,32.491944,-85.775556
"Kansas City, MO",TAAF,1945-09-08T00:00:00Z,-94.5785667,39.0997265,32.491944,-85.775556
"Minneapolis, MN",TAAF,1944-09-08T00:00:00Z,-93.2650108,44.977753,32.491944,-85.775556
"Glencoe, IL",TAAF,1943-11-03T00:00:00Z,-87.75811879999999,42.1350268,32.491944,-85.775556
"New York, NY",TAAF,1944-03-12T00:00:00Z,-74.0059728,40.7127753,32.491944,-85.775556
"Hampton, VA",TAAF,1944-03-12T00:00:00Z,-76.34522179999999,37.0298687,32.491944,-85.775556
"New York, NY",TAAF,1943-10-01T00:00:00Z,-74.0059728,40.7127753,32.491944,-85.775556
"Indianapolis, IN",TAAF,1944-08-04T00:00:00Z,-86.158068,39.768403,32.491944,-85.775556
"Seattle, WA",TAAF,1942-09-06T00:00:00Z,-122.3320708,47.6062095,32.491944,-85.775556
"Los Angeles, CA",TAAF,1945-06-27T00:00:00Z,-118.2436849,34.0522342,32.491944,-85.775556
"Dowagiac, MI",TAAF,1945-08-04T00:00:00Z,-86.10862279999999,41.9842123,32.491944,-85.775556
"Houston, TX",TAAF,1944-12-28T00:00:00Z,-95.3698028,29.7604267,32.491944,-85.775556
"Columbus, GA",TAAF,1945-06-27T00:00:00Z,-84.9877094,32.4609764,32.491944,-85.775556
"Indianapolis, IN",TAAF,1945-03-11T00:00:00Z,-86.158068,39.768403,32.491944,-85.775556
"Williams AFB, AZ","Williams AFB, AZ",1948-10-12T00:00:00Z,-111.6559352,33.3089787,33.308056,-111.659722
"Los Angeles, CA",TAAF,1944-12-28T00:00:00Z,-118.2436849,34.0522342,32.491944,-85.775556
"Los Angeles, CA",TAAF,1943-05-28T00:00:00Z,-118.2436849,34.0522342,32.491944,-85.775556
"Denison, TX",TAAF,1946-03-23T00:00:00Z,-96.53665799999999,33.7556593,32.491944,-85.775556
"Montclair, NJ",TAAF,1944-01-07T00:00:00Z,-74.2090053,40.8259007,32.491944,-85.775556
"Fayetteville, NC",TAAF,1943-12-05T00:00:00Z,-78.87835849999999,35.0526641,32.491944,-85.775556
"Gastonia, NC",TAAF,1942-10-09T00:00:00Z,-81.18730049999999,35.262082,32.491944,-85.775556
"Detroit, MI",TAAF,1945-03-11T00:00:00Z,-83.0457538,42.331427,32.491944,-85.775556
"Lake Village, AR",TAAF,1942-09-06T00:00:00Z,-91.28422119999999,33.3314091,32.491944,-85.775556
"London, OH",TAAF,1944-10-16T00:00:00Z,-83.4482529,39.8864493,32.491944,-85.775556
"Bridgeport, CT",TAAF,1944-03-12T00:00:00Z,-73.1894384,41.1792258,32.491944,-85.775556
"Louisville, KY",TAAF,1944-11-20T00:00:00Z,-85.7584557,38.2526647,32.491944,-85.775556
"New York, NY",TAAF,1943-11-03T00:00:00Z,-74.0059728,40.7127753,32.491944,-85.775556
"Williams AFB, AZ","Williams AFB, AZ",1948-10-12T00:00:00Z,-111.6559352,33.3089787,33.308056,-111.659722
"Washington, DC",TAAF,1944-12-28T00:00:00Z,-77.0368707,38.9071923,32.491944,-85.775556
"Cambria, VA",TAAF,1944-12-28T00:00:00Z,-80.3958828,37.1431853,32.491944,-85.775556
"Corona, NY",TAAF,1945-03-11T00:00:00Z,-73.8642613,40.7449859,32.491944,-85.775556
"Tuskegee, AL",TAAF,1942-07-03T00:00:00Z,-85.7077266,32.430237,32.491944,-85.775556
"St. Louis, MO",TAAF,1944-09-08T00:00:00Z,-90.19940419999999,38.6270025,32.491944,-85.775556
"Plainfield, NJ",TAAF,1944-11-20T00:00:00Z,-74.4073736,40.6337136,32.491944,-85.775556
"Washington, DC",TAAF,1943-11-03T00:00:00Z,-77.0368707,38.9071923,32.491944,-85.775556
"Chicago, IL",TAAF,1945-11-20T00:00:00Z,-87.6297982,41.8781136,32.491944,-85.775556
"Chicago, IL",TAAF,1945-06-27T00:00:00Z,-87.6297982,41.8781136,32.491944,-85.775556
"Norfolk, VA",TAAF,1946-03-23T00:00:00Z,-76.28587259999999,36.8507689,32.491944,-85.775556
"Amory, MS",TAAF,1942-07-03T00:00:00Z,-88.48809899999999,33.9842768,32.491944,-85.775556
"Winston-Salem, NC",TAAF,1943-04-29T00:00:00Z,-80.244216,36.09985959999999,32.491944,-85.775556
"York, PA",TAAF,1944-02-01T00:00:00Z,-76.727745,39.9625984,32.491944,-85.775556
"Pittsburg, PA",TAAF,1946-06-28T00:00:00Z,-79.9958864,40.44062479999999,32.491944,-85.775556
"Birmingham, AL",TAAF,1945-04-15T00:00:00Z,-86.8103567,33.5185892,32.491944,-85.775556
"Unknown, HT",TAAF,1943-07-28T00:00:00Z,-73.6314587,45.491869,32.491944,-85.775556
"Camden, NJ",TAAF,1946-03-23T00:00:00Z,-75.1196199,39.9259463,32.491944,-85.775556
"Allegan, MI",TAAF,1944-02-08T00:00:00Z,-85.8553031,42.5291989,32.491944,-85.775556
"Beaumont, TX",TAAF,1942-11-10T00:00:00Z,-94.1265562,30.080174,32.491944,-85.775556
"Chicago, IL",TAAF,1943-10-22T00:00:00Z,-87.6297982,41.8781136,32.491944,-85.775556
"Raleigh, NC",TAAF,1944-04-15T00:00:00Z,-78.6381787,35.7795897,32.491944,-85.775556
"Philadelphia, PA",TAAF,1943-12-05T00:00:00Z,-75.1652215,39.9525839,32.491944,-85.775556
"Weldon, NC",TAAF,1946-06-28T00:00:00Z,-77.5955331,36.427096,32.491944,-85.775556
"Weldon, NC",TAAF,1945-09-08T00:00:00Z,-77.5955331,36.427096,32.491944,-85.775556
"Chicago, IL",TAAF,1946-06-28T00:00:00Z,-87.6297982,41.8781136,32.491944,-85.775556
"Santa Monica, CA",TAAF,1944-10-16T00:00:00Z,-118.4911912,34.0194543,32.491944,-85.775556
"Memphis, TN",TAAF,1944-05-23T00:00:00Z,-90.0489801,35.1495343,32.491944,-85.775556
"Jamaica, NY",TAAF,1945-08-04T00:00:00Z,-73.7889689,40.702677,32.491944,-85.775556
"Alton, IL",TAAF,1943-04-29T00:00:00Z,-90.1842764,38.8906038,32.491944,-85.775556
"Alton, IL",TAAF,1944-05-23T00:00:00Z,-90.1842764,38.8906038,32.491944,-85.775556
"Pine Bluff, AR",TAAF,1942-07-03T00:00:00Z,-92.00319549999999,34.2284312,32.491944,-85.775556
"Roanoke, VA",TAAF,1945-05-23T00:00:00Z,-79.9414266,37.2709704,32.491944,-85.775556
"Salem, NJ",TAAF,1945-03-11T00:00:00Z,-75.46714229999999,39.5717796,32.491944,-85.775556
"Chicago, IL",TAAF,1943-12-07T00:00:00Z,-87.6297982,41.8781136,32.491944,-85.775556
"Prairie View, TX",TAAF,1944-02-01T00:00:00Z,-95.9877339,30.0932737,32.491944,-85.775556
"Columbiana City, OH",TAAF,1943-10-22T00:00:00Z,-80.69396429999999,40.88839309999999,32.491944,-85.775556
"San Francisco, CA",TAAF,1944-02-08T00:00:00Z,-122.4194155,37.7749295,32.491944,-85.775556
"Gordonsville, VA",TAAF,1945-06-27T00:00:00Z,-78.187781,38.1373577,32.491944,-85.775556
"Little Rock, AR",TAAF,1945-10-16T00:00:00Z,-92.28959479999999,34.7464809,32.491944,-85.775556
"Cumberland, MD",TAAF,1944-02-01T00:00:00Z,-78.7625185,39.6528654,32.491944,-85.775556
"Northfield, VT",TAAF,1944-12-28T00:00:00Z,-72.656747,44.151202,32.491944,-85.775556
"Detroit, MI",TAAF,1944-09-08T00:00:00Z,-83.0457538,42.331427,32.491944,-85.775556
"Detroit, MI",TAAF,1944-04-15T00:00:00Z,-83.0457538,42.331427,32.491944,-85.775556
"Columbus, GA",TAAF,1945-03-11T00:00:00Z,-84.9877094,32.4609764,32.491944,-85.775556
"Los Angeles, CA",TAAF,1944-10-16T00:00:00Z,-118.2436849,34.0522342,32.491944,-85.775556
"Davenport, IA",TAAF,1945-08-04T00:00:00Z,-90.5776367,41.5236437,32.491944,-85.775556
"Nutley, NJ",TAAF,1945-06-27T00:00:00Z,-74.15987249999999,40.8223168,32.491944,-85.775556
"New Haven, CT",TAAF,1943-12-07T00:00:00Z,-72.9278835,41.308274,32.491944,-85.775556
"Purcellville, VA",TAAF,1944-04-15T00:00:00Z,-77.7147153,39.1367717,32.491944,-85.775556
"Washington, DC",TAAF,1944-09-08T00:00:00Z,-77.0368707,38.9071923,32.491944,-85.775556
"Sharon, LA",TAAF,1945-09-08T00:00:00Z,-92.76404289999999,32.7718133,32.491944,-85.775556
"Pittsburg, PA",TAAF,1945-06-27T00:00:00Z,-79.9958864,40.44062479999999,32.491944,-85.775556
"Toledo, OH",TAAF,1944-04-15T00:00:00Z,-83.5378674,41.6528052,32.491944,-85.775556
"Philadelphia, PA",TAAF,1944-09-08T00:00:00Z,-75.1652215,39.9525839,32.491944,-85.775556
"Cleveland, OH",TAAF,1944-12-28T00:00:00Z,-81.6943605,41.49932,32.491944,-85.775556
"Chicago, IL",TAAF,1944-04-15T00:00:00Z,-87.6297982,41.8781136,32.491944,-85.775556
"Detroit, MI",TAAF,1944-02-01T00:00:00Z,-83.0457538,42.331427,32.491944,-85.775556
"Ashville, NC",TAAF,1944-04-15T00:00:00Z,-82.5514869,35.5950581,32.491944,-85.775556
"Williams AFB, AZ","Williams AFB, AZ",1948-10-12T00:00:00Z,-111.6559352,33.3089787,33.308056,-111.659722
"Williams AFB, AZ","Williams AFB, AZ",1948-10-12T00:00:00Z,-111.6559352,33.3089787,33.308056,-111.659722
"Los Angeles, CA",TAAF,1945-04-15T00:00:00Z,-118.2436849,34.0522342,32.491944,-85.775556
"Little Rock, AR",TAAF,1943-03-25T00:00:00Z,-92.28959479999999,34.7464809,32.491944,-85.775556
"Cleveland, OH",TAAF,1943-10-01T00:00:00Z,-81.6943605,41.49932,32.491944,-85.775556
"Pensacola, FL",TAAF,1944-02-01T00:00:00Z,-87.2169149,30.42130899999999,32.491944,-85.775556
"Montrose, GA",TAAF,1945-03-11T00:00:00Z,-83.1532091,32.5596055,32.491944,-85.775556
"Muncie, IN",TAAF,1943-10-22T00:00:00Z,-85.3863599,40.1933767,32.491944,-85.775556
"Indianapolis, IN",TAAF,1945-08-04T00:00:00Z,-86.158068,39.768403,32.491944,-85.775556
"Washington, DC",TAAF,1945-09-08T00:00:00Z,-77.0368707,38.9071923,32.491944,-85.775556
"Detroit, MI",TAAF,1945-04-15T00:00:00Z,-83.0457538,42.331427,32.491944,-85.775556
"Yeadon, PA",TAAF,1943-07-28T00:00:00Z,-75.2554605,39.9390017,32.491944,-85.775556
"Pittsburg, PA",TAAF,1945-03-11T00:00:00Z,-79.9958864,40.44062479999999,32.491944,-85.775556
"Hartford, CT",TAAF,1942-03-06T00:00:00Z,-72.6733723,41.7658043,32.491944,-85.775556
"Lakewood, NJ",TAAF,1945-09-08T00:00:00Z,-74.2097014,40.08212899999999,32.491944,-85.775556
"Indianapolis, IN",TAAF,1943-08-30T00:00:00Z,-86.158068,39.768403,32.491944,-85.775556
"Chicago, IL",TAAF,1943-07-28T00:00:00Z,-87.6297982,41.8781136,32.491944,-85.775556
"Corona, NY",TAAF,1943-12-05T00:00:00Z,-73.8642613,40.7449859,32.491944,-85.775556
"Wetumpka, AL",TAAF,1944-10-16T00:00:00Z,-86.2119127,32.5437448,32.491944,-85.775556
"Jacksonville, FL",TAAF,1944-01-07T00:00:00Z,-81.65565099999999,30.3321838,32.491944,-85.775556
"Dayton, OH",TAAF,1944-03-12T00:00:00Z,-84.1916069,39.7589478,32.491944,-85.775556
"Elmira, NY",TAAF,1943-11-03T00:00:00Z,-76.8077338,42.0897965,32.491944,-85.775556
"Beaumont, TX",TAAF,1944-05-23T00:00:00Z,-94.1265562,30.080174,32.491944,-85.775556
"Omaha, NE",TAAF,1943-03-25T00:00:00Z,-95.9345034,41.2565369,32.491944,-85.775556
"Tuskegee, AL",TAAF,1942-03-06T00:00:00Z,-85.7077266,32.430237,32.491944,-85.775556
"Pittsburgh, PA",TAAF,1944-08-04T00:00:00Z,-79.9958864,40.44062479999999,32.491944,-85.775556
"Chicago, IL",TAAF,1945-09-08T00:00:00Z,-87.6297982,41.8781136,32.491944,-85.775556
"Detroit, MI",TAAF,1945-09-08T00:00:00Z,-83.0457538,42.331427,32.491944,-85.775556
"Stewart Field, NY","Stewart Field, NY",1945-06-04T00:00:00Z,-74.1008627,41.4984032,41.504167,-74.104722
"Kansas City, KS",TAAF,1944-05-23T00:00:00Z,-94.62678729999999,39.11553139999999,32.491944,-85.775556
"Ft. Valley, GA",TAAF,1942-08-05T00:00:00Z,-83.8874084,32.5537585,32.491944,-85.775556
"Cleveland, OH",TAAF,1945-09-08T00:00:00Z,-81.6943605,41.49932,32.491944,-85.775556
"Corona, NY",TAAF,1944-03-12T00:00:00Z,-73.8642613,40.7449859,32.491944,-85.775556
"Indianapolis, IN",TAAF,1942-03-06T00:00:00Z,-86.158068,39.768403,32.491944,-85.775556
"Portland, OR",TAAF,1942-09-06T00:00:00Z,-122.6783853,45.515232,32.491944,-85.775556
"Detroit, MI",TAAF,1946-05-14T00:00:00Z,-83.0457538,42.331427,32.491944,-85.775556
"New Orleans, LA",TAAF,1945-04-15T00:00:00Z,-90.0715323,29.95106579999999,32.491944,-85.775556
"New Rochelle, NY",TAAF,1943-11-03T00:00:00Z,-73.7823549,40.9114882,32.491944,-85.775556
"St. Louis, MO",TAAF,1945-10-16T00:00:00Z,-90.19940419999999,38.6270025,32.491944,-85.775556
"Detroit, MI",TAAF,1944-11-20T00:00:00Z,-83.0457538,42.331427,32.491944,-85.775556
"New York, NY",TAAF,1944-12-28T00:00:00Z,-74.0059728,40.7127753,32.491944,-85.775556
"Bronx, NY",TAAF,1943-03-25T00:00:00Z,-73.8648268,40.8447819,32.491944,-85.775556
"San Francisco, CA",TAAF,1943-12-05T00:00:00Z,-122.4194155,37.7749295,32.491944,-85.775556
"Roxbury, MA",TAAF,1944-02-08T00:00:00Z,-71.0913748,42.3151978,32.491944,-85.775556
"East Beckley, WV",TAAF,1946-01-29T00:00:00Z,-81.17204389999999,37.7692817,32.491944,-85.775556
"McComb, MS",TAAF,1946-01-29T00:00:00Z,-90.4531535,31.2437872,32.491944,-85.775556
"Hartford, CN",TAAF,1944-08-04T00:00:00Z,-72.6733723,41.7658043,32.491944,-85.775556
"Cincinnatti, OH",TAAF,1944-10-16T00:00:00Z,-84.5120196,39.1031182,32.491944,-85.775556
"Baltimore, MD",TAAF,1945-03-11T00:00:00Z,-76.6121893,39.2903848,32.491944,-85.775556
"Cleveland, OH",TAAF,1943-08-30T00:00:00Z,-81.6943605,41.49932,32.491944,-85.775556
"Lynchburg, VA",TAAF,1945-03-11T00:00:00Z,-79.14224639999999,37.4137536,32.491944,-85.775556
"New Rochelle, NY",TAAF,1944-10-16T00:00:00Z,-73.7823549,40.9114882,32.491944,-85.775556
"New Orleans, LA",TAAF,1943-02-16T00:00:00Z,-90.0715323,29.95106579999999,32.491944,-85.775556
"Los Angeles, CA",TAAF,1944-01-07T00:00:00Z,-118.2436849,34.0522342,32.491944,-85.775556
"Trenton, NJ",TAAF,1942-10-09T00:00:00Z,-74.759717,40.2205824,32.491944,-85.775556
"Roxbury, MA",TAAF,1944-10-16T00:00:00Z,-71.0913748,42.3151978,32.491944,-85.775556
"Philadelphia, PA",TAAF,1946-06-28T00:00:00Z,-75.1652215,39.9525839,32.491944,-85.775556
"Bronx, NY",TAAF,1942-04-29T00:00:00Z,-73.8648268,40.8447819,32.491944,-85.775556
"Brooklyn, NY",TAAF,1943-10-22T00:00:00Z,-73.9441579,40.6781784,32.491944,-85.775556
"Norristown, PA",TAAF,1945-04-15T00:00:00Z,-75.3399048,40.121497,32.491944,-85.775556
"Portland, OR",TAAF,1944-01-07T00:00:00Z,-122.6783853,45.515232,32.491944,-85.775556
"St. Louis, MO",TAAF,1945-08-04T00:00:00Z,-90.19940419999999,38.6270025,32.491944,-85.775556
"Chicago, IL",TAAF,1943-09-30T00:00:00Z,-87.6297982,41.8781136,32.491944,-85.775556
"Washington, DC",TAAF,1943-03-25T00:00:00Z,-77.0368707,38.9071923,32.491944,-85.775556
"Dallas County, AL",TAAF,1943-09-30T00:00:00Z,-87.14228949999999,32.2332138,32.491944,-85.775556
"Atlantic City, NJ",TAAF,1943-08-30T00:00:00Z,-74.4229266,39.3642834,32.491944,-85.775556
"Bloomington, IL",TAAF,1943-04-29T00:00:00Z,-88.99368729999999,40.4842027,32.491944,-85.775556
"Chicago, IL",TAAF,1945-10-16T00:00:00Z,-87.6297982,41.8781136,32.491944,-85.775556
"Wenatchee, WA",TAAF,1944-12-28T00:00:00Z,-120.3103494,47.4234599,32.491944,-85.775556
"Steubenville, OH",TAAF,1942-11-10T00:00:00Z,-80.63396379999999,40.3697905,32.491944,-85.775556
"Steubenville, OH",TAAF,1944-08-04T00:00:00Z,-80.63396379999999,40.3697905,32.491944,-85.775556
"Birmingham, AL",TAAF,1944-08-04T00:00:00Z,-86.8103567,33.5185892,32.491944,-85.775556
"Washington, DC",TAAF,1943-12-07T00:00:00Z,-77.0368707,38.9071923,32.491944,-85.775556
"Prospect, KY",TAAF,1945-11-20T00:00:00Z,-85.615517,38.345068,32.491944,-85.775556
"Winston-Salem, NC",TAAF,1943-05-28T00:00:00Z,-80.244216,36.09985959999999,32.491944,-85.775556
"Chicago, IL",TAAF,1944-06-27T00:00:00Z,-87.6297982,41.8781136,32.491944,-85.775556
"Baltimore, MD",TAAF,1946-01-29T00:00:00Z,-76.6121893,39.2903848,32.491944,-85.775556
"Washington, DC",TAAF,1943-07-28T00:00:00Z,-77.0368707,38.9071923,32.491944,-85.775556
"Langston, OK",TAAF,1942-09-06T00:00:00Z,-97.2553142,35.9450505,32.491944,-85.775556
"Homewood, PA",TAAF,1943-09-30T00:00:00Z,-79.8898816,40.4586299,32.491944,-85.775556
"Webster City, IA",TAAF,1943-05-28T00:00:00Z,-93.8159149,42.4694321,32.491944,-85.775556
"Helena, AR",TAAF,1944-06-27T00:00:00Z,-90.5900273,34.5291253,32.491944,-85.775556
"Wilson, NJ",TAAF,1944-10-16T00:00:00Z,-74.4295369,40.7851434,32.491944,-85.775556
"Paducah, KY",TAAF,1943-10-22T00:00:00Z,-88.6000478,37.0833893,32.491944,-85.775556
"Savannah, GA",TAAF,1944-02-08T00:00:00Z,-81.091203,32.0808989,32.491944,-85.775556
"Nashville, TN",TAAF,1943-04-29T00:00:00Z,-86.7816016,36.1626638,32.491944,-85.775556
"Muncie, IN",TAAF,1944-11-20T00:00:00Z,-85.3863599,40.1933767,32.491944,-85.775556
"Chicago, IL",TAAF,1945-03-11T00:00:00Z,-87.6297982,41.8781136,32.491944,-85.775556
"St. Louis, MO",TAAF,1945-09-08T00:00:00Z,-90.19940419999999,38.6270025,32.491944,-85.775556
"Stoughton, MA",TAAF,1944-08-04T00:00:00Z,-71.10920120000002,42.1229099,32.491944,-85.775556
"Detroit, MI",TAAF,1944-12-28T00:00:00Z,-83.0457538,42.331427,32.491944,-85.775556
"Nashville, TN",TAAF,1945-03-11T00:00:00Z,-86.7816016,36.1626638,32.491944,-85.775556
"San Antonio, TX",TAAF,1943-11-03T00:00:00Z,-98.49362819999999,29.4241219,32.491944,-85.775556
"Detroit, MI",TAAF,1945-08-04T00:00:00Z,-83.0457538,42.331427,32.491944,-85.775556
"Tulsa, OK",TAAF,1944-05-23T00:00:00Z,-95.99277500000001,36.1539816,32.491944,-85.775556
"Washington, DC",TAAF,1943-04-29T00:00:00Z,-77.0368707,38.9071923,32.491944,-85.775556
"Philadelphia, PA",TAAF,1945-06-27T00:00:00Z,-75.1652215,39.9525839,32.491944,-85.775556
"Joliet, IL",TAAF,1945-05-23T00:00:00Z,-88.0817251,41.525031,32.491944,-85.775556
"Joliet, IL",TAAF,1944-09-08T00:00:00Z,-88.0817251,41.525031,32.491944,-85.775556
"Toledo, OH",TAAF,1943-10-22T00:00:00Z,-83.5378674,41.6528052,32.491944,-85.775556
"Chicago, IL",TAAF,1945-04-15T00:00:00Z,-87.6297982,41.8781136,32.491944,-85.775556
"New York, NY",TAAF,1943-12-05T00:00:00Z,-74.0059728,40.7127753,32.491944,-85.775556
"Springfield, MO",TAAF,1943-12-05T00:00:00Z,-93.29229889999999,37.2089572,32.491944,-85.775556
"Detroit, MI",TAAF,1945-08-04T00:00:00Z,-83.0457538,42.331427,32.491944,-85.775556
"Tarboro, NC",TAAF,1942-08-05T00:00:00Z,-77.5358049,35.8968236,32.491944,-85.775556
"Monticello, GA",TAAF,1943-12-05T00:00:00Z,-83.6832289,33.3048479,32.491944,-85.775556
"Freeport, NY",TAAF,1944-08-04T00:00:00Z,-73.58318349999999,40.6576022,32.491944,-85.775556
"Seaside Heights, NJ",TAAF,1944-02-08T00:00:00Z,-74.0729139,39.944285,32.491944,-85.775556
"Owego, NY",TAAF,1946-03-23T00:00:00Z,-76.2621549,42.1034075,32.491944,-85.775556
"Charleston, WV",TAAF,1943-12-05T00:00:00Z,-81.6326234,38.3498195,32.491944,-85.775556
"Chicago, IL",TAAF,1944-09-08T00:00:00Z,-87.6297982,41.8781136,32.491944,-85.775556
"Fort Worth, TX",TAAF,1945-10-16T00:00:00Z,-97.3307658,32.7554883,32.491944,-85.775556
"Columbus, OH",TAAF,1944-08-04T00:00:00Z,-82.99879419999999,39.9611755,32.491944,-85.775556
"Denver, CO",TAAF,1945-03-11T00:00:00Z,-104.990251,39.7392358,32.491944,-85.775556
"Hartford, CT",TAAF,1945-08-04T00:00:00Z,-72.6733723,41.7658043,32.491944,-85.775556
"Detroit, MI",TAAF,1944-02-08T00:00:00Z,-83.0457538,42.331427,32.491944,-85.775556
"Chicago, IL",TAAF,1942-10-09T00:00:00Z,-87.6297982,41.8781136,32.491944,-85.775556
"Kansas City, KS",TAAF,1945-06-27T00:00:00Z,-94.62678729999999,39.11553139999999,32.491944,-85.775556
"New York, NY",TAAF,1945-04-15T00:00:00Z,-74.0059728,40.7127753,32.491944,-85.775556
"Richmond, VA",TAAF,1943-05-28T00:00:00Z,-77.4360481,37.5407246,32.491944,-85.775556
"Washington, DC",TAAF,1944-11-20T00:00:00Z,-77.0368707,38.9071923,32.491944,-85.775556
"Pittsburg, PA",TAAF,1944-10-16T00:00:00Z,-79.9958864,40.44062479999999,32.491944,-85.775556
"Lawrence, KS",TAAF,1942-12-13T00:00:00Z,-95.2352501,38.9716689,32.491944,-85.775556
"Newark, NJ",TAAF,1944-02-01T00:00:00Z,-74.1723667,40.735657,32.491944,-85.775556
"St. Paul, MN",TAAF,1945-11-20T00:00:00Z,-93.0899578,44.9537029,32.491944,-85.775556
"Cincinnatti, OH",TAAF,1944-08-04T00:00:00Z,-84.5120196,39.1031182,32.491944,-85.775556
"Glen Mills, PA",TAAF,1943-12-07T00:00:00Z,-75.5103484,39.9016273,32.491944,-85.775556
"Detroit, MI",TAAF,1945-03-11T00:00:00Z,-83.0457538,42.331427,32.491944,-85.775556
"Iowa Falls, IA",TAAF,1943-05-28T00:00:00Z,-93.26457409999999,42.51988679999999,32.491944,-85.775556
"Detroit, MI",TAAF,1944-02-01T00:00:00Z,-83.0457538,42.331427,32.491944,-85.775556
"Birmingham, AL",TAAF,1943-10-01T00:00:00Z,-86.8103567,33.5185892,32.491944,-85.775556
"Bakersfield, CA",TAAF,1944-09-08T00:00:00Z,-119.0187125,35.3732921,32.491944,-85.775556
"Portsmouth, VA",TAAF,1943-03-25T00:00:00Z,-76.2982742,36.8354258,32.491944,-85.775556
"Brooklyn, NY",TAAF,1944-02-08T00:00:00Z,-73.9441579,40.6781784,32.491944,-85.775556
"Mobile, AL",TAAF,1943-03-25T00:00:00Z,-88.0398912,30.6953657,32.491944,-85.775556
"Waukesha, WI",TAAF,1944-02-08T00:00:00Z,-88.2314813,43.0116784,32.491944,-85.775556
"Pittsburg, PA",TAAF,1944-02-08T00:00:00Z,-79.9958864,40.44062479999999,32.491944,-85.775556
"Newark, NJ",TAAF,1943-02-16T00:00:00Z,-74.1723667,40.735657,32.491944,-85.775556
"Coffeyville, KS",TAAF,1943-09-30T00:00:00Z,-95.6163665,37.0373005,32.491944,-85.775556
"Tuskegee Inst., AL",TAAF,1945-09-08T00:00:00Z,-85.7073277,32.4307809,32.491944,-85.775556
"Hemphill, WV",TAAF,1943-05-28T00:00:00Z,-81.5953849,37.4448355,32.491944,-85.775556
"Roxbury, MA",TAAF,1944-08-04T00:00:00Z,-71.0913748,42.3151978,32.491944,-85.775556
"Philadelphia, PA",TAAF,1944-10-16T00:00:00Z,-75.1652215,39.9525839,32.491944,-85.775556
"Xenia, OH",TAAF,1944-08-04T00:00:00Z,-83.9296526,39.6847822,32.491944,-85.775556
"Los Angeles, CA",TAAF,1943-08-30T00:00:00Z,-118.2436849,34.0522342,32.491944,-85.775556
"Staunton, VA",TAAF,1943-07-28T00:00:00Z,-79.0716958,38.149576,32.491944,-85.775556
"Pittsburg, PA",TAAF,1943-07-28T00:00:00Z,-79.9958864,40.44062479999999,32.491944,-85.775556
"Fort Worth, TX",TAAF,1946-03-23T00:00:00Z,-97.3307658,32.7554883,32.491944,-85.775556
"Detroit, MI",TAAF,1944-12-28T00:00:00Z,-83.0457538,42.331427,32.491944,-85.775556
"Asbury Park, NJ",TAAF,1946-01-29T00:00:00Z,-74.0120817,40.2203907,32.491944,-85.775556
"Philadelphia, PA",TAAF,1945-08-04T00:00:00Z,-75.1652215,39.9525839,32.491944,-85.775556
"Birmingham, AL",TAAF,1943-02-16T00:00:00Z,-86.8103567,33.5185892,32.491944,-85.775556
"Edwardsville, KS",TAAF,1943-06-30T00:00:00Z,-94.8196847,39.0611154,32.491944,-85.775556
"Port au Prince, HT",TAAF,1944-04-15T00:00:00Z,-72.3074326,18.594395,32.491944,-85.775556
"Cleveland, OH",TAAF,1944-12-28T00:00:00Z,-81.6943605,41.49932,32.491944,-85.775556
"Bath, NY",TAAF,1943-10-01T00:00:00Z,-77.31775770000002,42.3370164,32.491944,-85.775556
"Brazil, IN",TAAF,1942-07-03T00:00:00Z,-87.1250154,39.523652,32.491944,-85.775556
"Washington, DC",TAAF,1944-03-12T00:00:00Z,-77.0368707,38.9071923,32.491944,-85.775556
"Mobile, AL",TAAF,1943-09-30T00:00:00Z,-88.0398912,30.6953657,32.491944,-85.775556
"Philadelphia, PA",TAAF,1945-06-27T00:00:00Z,-75.1652215,39.9525839,32.491944,-85.775556
"Owensboro, KY",TAAF,1942-12-13T00:00:00Z,-87.1111676,37.7719074,32.491944,-85.775556
"Albany, GA",TAAF,1943-07-28T00:00:00Z,-84.15574099999999,31.5785074,32.491944,-85.775556
"Greenwood, MS",TAAF,1943-05-28T00:00:00Z,-90.1795281,33.5162315,32.491944,-85.775556
"St. Louis, MO",TAAF,1945-09-08T00:00:00Z,-90.19940419999999,38.6270025,32.491944,-85.775556
"Toledo, OH",TAAF,1943-10-22T00:00:00Z,-83.5378674,41.6528052,32.491944,-85.775556
"Philadelpha, PA",TAAF,1945-03-11T00:00:00Z,-75.1652215,39.9525839,32.491944,-85.775556
"Brooklyn, NY",TAAF,1944-02-08T00:00:00Z,-73.9441579,40.6781784,32.491944,-85.775556
"Kokomo, IN",TAAF,1945-09-08T00:00:00Z,-86.13360329999999,40.486427,32.491944,-85.775556
"Philadelphia, PA",TAAF,1944-09-08T00:00:00Z,-75.1652215,39.9525839,32.491944,-85.775556
"Los Angeles, CA",TAAF,1945-10-16T00:00:00Z,-118.2436849,34.0522342,32.491944,-85.775556
"Oliver Springs, TN",TAAF,1944-01-07T00:00:00Z,-84.34437179999999,36.0445222,32.491944,-85.775556
"Dallas, TX",TAAF,1945-10-16T00:00:00Z,-96.79698789999999,32.7766642,32.491944,-85.775556
"Ocean City, NJ",TAAF,1944-02-01T00:00:00Z,-74.5746001,39.2776156,32.491944,-85.775556
"Detroit, MI",TAAF,1944-11-20T00:00:00Z,-83.0457538,42.331427,32.491944,-85.775556
"Philadelphia, PA",TAAF,1942-08-05T00:00:00Z,-75.1652215,39.9525839,32.491944,-85.775556
"Pittsburg, PA",TAAF,1944-08-04T00:00:00Z,-79.9958864,40.44062479999999,32.491944,-85.775556
"Philadelphia, PA",TAAF,1943-06-30T00:00:00Z,-75.1652215,39.9525839,32.491944,-85.775556
"Xenia, OH",TAAF,1944-12-28T00:00:00Z,-83.9296526,39.6847822,32.491944,-85.775556
"Richmond, KY",TAAF,1945-08-04T00:00:00Z,-84.2946539,37.7478572,32.491944,-85.775556
"Boston, MA",TAAF,1943-10-01T00:00:00Z,-71.0588801,42.3600825,32.491944,-85.775556
"Montgomery, AL",TAAF,1943-06-30T00:00:00Z,-86.3077368,32.3792233,32.491944,-85.775556
"St. Paul, MN",TAAF,1943-12-05T00:00:00Z,-93.0899578,44.9537029,32.491944,-85.775556
"Brooklyn, NY",TAAF,1945-09-08T00:00:00Z,-73.9441579,40.6781784,32.491944,-85.775556
"Chicago, IL",TAAF,1945-11-20T00:00:00Z,-87.6297982,41.8781136,32.491944,-85.775556
"Texarkana, TX",TAAF,1945-06-27T00:00:00Z,-94.04768820000001,33.425125,32.491944,-85.775556
"Omaha, NE",TAAF,1943-12-05T00:00:00Z,-95.9345034,41.2565369,32.491944,-85.775556
"Huston, LA",TAAF,1945-10-16T00:00:00Z,-118.420345,34.1594324,32.491944,-85.775556
"Mountain Top, PA",TAAF,1944-10-16T00:00:00Z,-75.87741900000002,41.16952690000001,32.491944,-85.775556
"Dayton, OH",TAAF,1943-12-05T00:00:00Z,-84.1916069,39.7589478,32.491944,-85.775556
"San Bernardino, CA",TAAF,1944-11-20T00:00:00Z,-117.2897652,34.1083449,32.491944,-85.775556
"San Bernardino, CA",TAAF,1944-01-07T00:00:00Z,-117.2897652,34.1083449,32.491944,-85.775556
"Glen Rock, NJ",TAAF,1944-05-23T00:00:00Z,-74.1329207,40.9628758,32.491944,-85.775556
"East Hampton, NY",TAAF,1946-01-29T00:00:00Z,-71.9994067,41.083151,32.491944,-85.775556
"Holicong, PA",TAAF,1944-03-12T00:00:00Z,-75.0593325,40.3325082,32.491944,-85.775556
"Los Angeles, CA",TAAF,1944-05-23T00:00:00Z,-118.2436849,34.0522342,32.491944,-85.775556
"Los Angeles, CA",TAAF,1944-04-15T00:00:00Z,-118.2436849,34.0522342,32.491944,-85.775556
"Raleigh, NC",TAAF,1943-04-29T00:00:00Z,-78.6381787,35.7795897,32.491944,-85.775556
"Philadelphia, PA",TAAF,1944-02-01T00:00:00Z,-75.1652215,39.9525839,32.491944,-85.775556
"Reidsville, NC",TAAF,1945-05-23T00:00:00Z,-79.6644747,36.3548586,32.491944,-85.775556
"Jacksonvile, FL",TAAF,1944-11-20T00:00:00Z,-81.65565099999999,30.3321838,32.491944,-85.775556
"Philadelphia, PA",TAAF,1943-06-30T00:00:00Z,-75.1652215,39.9525839,32.491944,-85.775556
"Plainfield, NJ",TAAF,1944-09-08T00:00:00Z,-74.4073736,40.6337136,32.491944,-85.775556
"New York, NY",TAAF,1944-02-01T00:00:00Z,-74.0059728,40.7127753,32.491944,-85.775556
"Baltimore, MD",TAAF,1945-04-15T00:00:00Z,-76.6121893,39.2903848,32.491944,-85.775556
"Raleigh, NC",TAAF,1944-05-23T00:00:00Z,-78.6381787,35.7795897,32.491944,-85.775556
"Memphis, TN",TAAF,1944-12-28T00:00:00Z,-90.0489801,35.1495343,32.491944,-85.775556
"Chicago, IL",TAAF,1943-12-05T00:00:00Z,-87.6297982,41.8781136,32.491944,-85.775556
"St. Croix, VI",TAAF,1944-03-12T00:00:00Z,-64.83479919999999,17.7245968,32.491944,-85.775556
"Dayton, OH",TAAF,1945-05-23T00:00:00Z,-84.1916069,39.7589478,32.491944,-85.775556
"San Francisco, CA",TAAF,1944-02-08T00:00:00Z,-122.4194155,37.7749295,32.491944,-85.775556
"Sewickley, PA",TAAF,1944-02-01T00:00:00Z,-80.1844243,40.5364846,32.491944,-85.775556
"Indianapolis, IN",TAAF,1944-05-23T00:00:00Z,-86.158068,39.768403,32.491944,-85.775556
"Indianapolis, IN",TAAF,1943-12-05T00:00:00Z,-86.158068,39.768403,32.491944,-85.775556
"Detroit, MI",TAAF,1944-06-27T00:00:00Z,-83.0457538,42.331427,32.491944,-85.775556
"Washington, DC",TAAF,1944-02-08T00:00:00Z,-77.0368707,38.9071923,32.491944,-85.775556
"Indianapolis, IN",TAAF,1944-02-08T00:00:00Z,-86.158068,39.768403,32.491944,-85.775556
"Washington, DC",TAAF,1942-10-09T00:00:00Z,-77.0368707,38.9071923,32.491944,-85.775556
"Narragansett, RI",TAAF,1943-08-30T00:00:00Z,-71.44950299999999,41.4500844,32.491944,-85.775556
"Huntington, WV",TAAF,1943-12-05T00:00:00Z,-82.44515400000002,38.4192496,32.491944,-85.775556
"New York, NY",TAAF,1943-12-05T00:00:00Z,-74.0059728,40.7127753,32.491944,-85.775556
"Norfolk, VA",TAAF,1944-05-23T00:00:00Z,-76.28587259999999,36.8507689,32.491944,-85.775556
"Heth, AR",TAAF,1945-09-08T00:00:00Z,-90.4951025,35.0775914,32.491944,-85.775556
"Dallas, TX",TAAF,1945-03-11T00:00:00Z,-96.79698789999999,32.7766642,32.491944,-85.775556
"Baltimore, MD",TAAF,1945-08-04T00:00:00Z,-76.6121893,39.2903848,32.491944,-85.775556
"St. Louis, MO",TAAF,1944-09-08T00:00:00Z,-90.19940419999999,38.6270025,32.491944,-85.775556
"Detroit, MI",TAAF,1945-10-16T00:00:00Z,-83.0457538,42.331427,32.491944,-85.775556
"Suffolk, VA",TAAF,1945-05-23T00:00:00Z,-76.5835621,36.7282054,32.491944,-85.775556
"Spokane, WA",TAAF,1943-07-28T00:00:00Z,-117.4260465,47.6587802,32.491944,-85.775556
"Baltimore, MD",TAAF,1943-12-07T00:00:00Z,-76.6121893,39.2903848,32.491944,-85.775556
"San Antonio, TX",TAAF,1944-11-20T00:00:00Z,-98.49362819999999,29.4241219,32.491944,-85.775556
"Williams AFB, AZ","Williams AFB, AZ",1948-10-12T00:00:00Z,-111.6559352,33.3089787,33.308056,-111.659722
"Detroit, MI",TAAF,1943-04-29T00:00:00Z,-83.0457538,42.331427,32.491944,-85.775556
"Chicago, IL",TAAF,1943-10-22T00:00:00Z,-87.6297982,41.8781136,32.491944,-85.775556
"Springfield, IL",TAAF,1945-11-20T00:00:00Z,-89.6501481,39.78172130000001,32.491944,-85.775556
"Los Angeles, CA",TAAF,1944-03-12T00:00:00Z,-118.2436849,34.0522342,32.491944,-85.775556
"Chicago, IL",TAAF,1944-06-27T00:00:00Z,-87.6297982,41.8781136,32.491944,-85.775556
"Atlanta, GA",TAAF,1943-11-03T00:00:00Z,-84.3879824,33.7489954,32.491944,-85.775556
"Los Angeles, CA",TAAF,1945-04-15T00:00:00Z,-118.2436849,34.0522342,32.491944,-85.775556
"Washington, DC",TAAF,1944-01-07T00:00:00Z,-77.0368707,38.9071923,32.491944,-85.775556
"Williamsport, PA",TAAF,1944-10-16T00:00:00Z,-77.00107860000001,41.2411897,32.491944,-85.775556
"Washington, DC",TAAF,1945-10-16T00:00:00Z,-77.0368707,38.9071923,32.491944,-85.775556
"Colorado Springs, CO",TAAF,1944-12-28T00:00:00Z,-104.8213634,38.8338816,32.491944,-85.775556
"Albany, GA",TAAF,1943-06-30T00:00:00Z,-84.15574099999999,31.5785074,32.491944,-85.775556
"Leavenworth, KS",TAAF,1944-09-08T00:00:00Z,-94.9224637,39.3111112,32.491944,-85.775556
"Chicago, IL",TAAF,1945-11-20T00:00:00Z,-87.6297982,41.8781136,32.491944,-85.775556
"Philadelphia, PA",TAAF,1945-08-04T00:00:00Z,-75.1652215,39.9525839,32.491944,-85.775556
"Donaldsonville, CA",TAAF,1943-04-29T00:00:00Z,-90.9903703,30.1010725,32.491944,-85.775556
"Chicago, IL",TAAF,1943-11-03T00:00:00Z,-87.6297982,41.8781136,32.491944,-85.775556
"Lincoln Univ, PA",TAAF,1944-02-01T00:00:00Z,-75.9282072,39.80706929999999,32.491944,-85.775556
"Quincy, IL",TAAF,1944-05-23T00:00:00Z,-91.4098726,39.9356016,32.491944,-85.775556
"Belzoni, MS",TAAF,1943-12-05T00:00:00Z,-90.4892562,33.1842911,32.491944,-85.775556
"Circleville, OH",TAAF,1944-04-15T00:00:00Z,-82.9460133,39.600618,32.491944,-85.775556
"Chicago, IL",TAAF,1944-01-07T00:00:00Z,-87.6297982,41.8781136,32.491944,-85.775556
"Kansas City, KS",TAAF,1945-11-20T00:00:00Z,-94.62678729999999,39.11553139999999,32.491944,-85.775556
"Youngstown, OH",TAAF,1944-10-16T00:00:00Z,-80.6495194,41.0997803,32.491944,-85.775556
"Norfolk, VA",TAAF,1945-10-16T00:00:00Z,-76.28587259999999,36.8507689,32.491944,-85.775556
"Fort Worth, TX",TAAF,1943-04-29T00:00:00Z,-97.3307658,32.7554883,32.491944,-85.775556
"Warrenton, VA",TAAF,1942-11-10T00:00:00Z,-77.7952712,38.7134516,32.491944,-85.775556
"Chicago, IL",TAAF,1943-12-07T00:00:00Z,-87.6297982,41.8781136,32.491944,-85.775556
"Chicago, IL",TAAF,1944-06-27T00:00:00Z,-87.6297982,41.8781136,32.491944,-85.775556
"Pasedena, CA",TAAF,1943-03-25T00:00:00Z,-118.1445155,34.1477849,32.491944,-85.775556
"Pensacola, FL",TAAF,1943-07-28T00:00:00Z,-87.2169149,30.42130899999999,32.491944,-85.775556
"San Antonio, TX",TAAF,1944-11-20T00:00:00Z,-98.49362819999999,29.4241219,32.491944,-85.775556
"Cleveland, OH",TAAF,1942-04-29T00:00:00Z,-81.6943605,41.49932,32.491944,-85.775556
"Wilmington, DE",TAAF,1945-09-08T00:00:00Z,-75.5483909,39.744655,32.491944,-85.775556
"Detroit, MI",TAAF,1944-01-07T00:00:00Z,-83.0457538,42.331427,32.491944,-85.775556
"Grand Rapids, MI",TAAF,1943-08-30T00:00:00Z,-85.6680863,42.9633599,32.491944,-85.775556
"Galveston, TX",TAAF,1943-08-30T00:00:00Z,-94.7976958,29.3013479,32.491944,-85.775556
"Chicago, IL",TAAF,1944-05-23T00:00:00Z,-87.6297982,41.8781136,32.491944,-85.775556
"Nutley, NJ",TAAF,1945-03-11T00:00:00Z,-74.15987249999999,40.8223168,32.491944,-85.775556
"Chicago, IL",TAAF,1944-11-20T00:00:00Z,-87.6297982,41.8781136,32.491944,-85.775556
"Ardmore, PA",TAAF,1944-10-16T00:00:00Z,-75.2854622,40.0067785,32.491944,-85.775556
"Lansing, MI",TAAF,1944-10-16T00:00:00Z,-84.5555347,42.732535,32.491944,-85.775556
"Columbus, OH",TAAF,1944-09-08T00:00:00Z,-82.99879419999999,39.9611755,32.491944,-85.775556
"Chicago, IL",TAAF,1944-11-20T00:00:00Z,-87.6297982,41.8781136,32.491944,-85.775556
"Greensboro, NC",TAAF,1944-11-20T00:00:00Z,-79.7919754,36.0726354,32.491944,-85.775556
"Enid Army Air Field, OK","Enid Army Air Field, Ok",1946-10-01T00:00:00Z,-97.91306089999999,36.3393001,36.339167,-97.916389
"Charlottesville, VA",TAAF,1943-10-01T00:00:00Z,-78.47667810000002,38.0293059,32.491944,-85.775556
"Philadelphia, PA",TAAF,1943-10-01T00:00:00Z,-75.1652215,39.9525839,32.491944,-85.775556
"Marshall, TX",TAAF,1944-11-20T00:00:00Z,-94.36741839999999,32.5448714,32.491944,-85.775556
"Newark, NJ",TAAF,1945-06-27T00:00:00Z,-74.1723667,40.735657,32.491944,-85.775556
"New York, NY",TAAF,1944-08-04T00:00:00Z,-74.0059728,40.7127753,32.491944,-85.775556
"Baltimore, MD",TAAF,1945-05-23T00:00:00Z,-76.6121893,39.2903848,32.491944,-85.775556
"Rand, WV",TAAF,1943-05-28T00:00:00Z,-81.5623425,38.2826001,32.491944,-85.775556
"San Antonio, TX",TAAF,1944-11-20T00:00:00Z,-98.49362819999999,29.4241219,32.491944,-85.775556
"Pittsburg, PA",TAAF,1944-09-08T00:00:00Z,-79.9958864,40.44062479999999,32.491944,-85.775556
"Los Angeles, CA",TAAF,1944-06-27T00:00:00Z,-118.2436849,34.0522342,32.491944,-85.775556
"Carbon Hill, AL",TAAF,1945-04-15T00:00:00Z,-87.52612359999999,33.89177420000001,32.491944,-85.775556
"Los Angeles, CA",TAAF,1943-06-30T00:00:00Z,-118.2436849,34.0522342,32.491944,-85.775556
"Franklin County, OH",TAAF,1943-12-07T00:00:00Z,-82.99316069999999,40.0154745,32.491944,-85.775556
"Sewickley, PA",TAAF,1945-06-27T00:00:00Z,-80.1844243,40.5364846,32.491944,-85.775556
"Chillicothe, OH",TAAF,1944-02-01T00:00:00Z,-82.9824019,39.3331197,32.491944,-85.775556
"New York, NY",TAAF,1943-10-01T00:00:00Z,-74.0059728,40.7127753,32.491944,-85.775556
"Hyattsville, MD",TAAF,1945-05-23T00:00:00Z,-76.9455301,38.9559442,32.491944,-85.775556
"Institute, WV",TAAF,1943-08-30T00:00:00Z,-81.7657977,38.38377,32.491944,-85.775556
"Cleveland, OH",TAAF,1944-04-15T00:00:00Z,-81.6943605,41.49932,32.491944,-85.775556
"Jamestown, NY",TAAF,1945-03-11T00:00:00Z,-79.23532589999999,42.0970023,32.491944,-85.775556
"Columbus, OH",TAAF,1945-10-16T00:00:00Z,-82.99879419999999,39.9611755,32.491944,-85.775556
"Chicago, IL",TAAF,1943-10-22T00:00:00Z,-87.6297982,41.8781136,32.491944,-85.775556
"Ft. Huachuca, AZ",TAAF,1945-04-15T00:00:00Z,-110.3499216,31.5552157,32.491944,-85.775556
"Boston, MA",TAAF,1945-10-16T00:00:00Z,-71.0588801,42.3600825,32.491944,-85.775556
"Cassopolis, MI",TAAF,1944-06-27T00:00:00Z,-86.0100068,41.9117133,32.491944,-85.775556
"Williams AFB, AZ","Williams AFB, AZ",1948-10-12T00:00:00Z,-111.6559352,33.3089787,33.308056,-111.659722
"Los Angeles, CA",TAAF,1945-09-08T00:00:00Z,-118.2436849,34.0522342,32.491944,-85.775556
"Pasadena, CA",TAAF,1945-06-27T00:00:00Z,-118.1445155,34.1477849,32.491944,-85.775556
"Philadelphia, PA",TAAF,1943-12-05T00:00:00Z,-75.1652215,39.9525839,32.491944,-85.775556
"Chicago, IL",TAAF,1945-03-11T00:00:00Z,-87.6297982,41.8781136,32.491944,-85.775556
"Tuskegee Inst., AL",TAAF,1943-06-30T00:00:00Z,-85.7073277,32.4307809,32.491944,-85.775556
"Cincinnatti, OH",TAAF,1944-08-04T00:00:00Z,-84.5120196,39.1031182,32.491944,-85.775556
"Los Angeles, CA",TAAF,1944-04-15T00:00:00Z,-118.2436849,34.0522342,32.491944,-85.775556
"Bessemer, AL",TAAF,1942-08-05T00:00:00Z,-86.954437,33.4017766,32.491944,-85.775556
"Jamaica, NY",TAAF,1943-11-03T00:00:00Z,-73.7889689,40.702677,32.491944,-85.775556
"Chicago, IL",TAAF,1943-05-28T00:00:00Z,-87.6297982,41.8781136,32.491944,-85.775556
"St. Louis, MO",TAAF,1944-12-28T00:00:00Z,-90.19940419999999,38.6270025,32.491944,-85.775556
"Norfolk, VA",TAAF,1945-06-27T00:00:00Z,-76.28587259999999,36.8507689,32.491944,-85.775556
"Columbus, OH",TAAF,1945-11-20T00:00:00Z,-82.99879419999999,39.9611755,32.491944,-85.775556
"Topeka, KS",TAAF,1945-04-15T00:00:00Z,-95.67515759999999,39.0473451,32.491944,-85.775556
"Tulsa, OK",TAAF,1942-05-20T00:00:00Z,-95.99277500000001,36.1539816,32.491944,-85.775556
"Indianapolis, IN",TAAF,1942-05-20T00:00:00Z,-86.158068,39.768403,32.491944,-85.775556
"Charleston, WV",TAAF,1944-04-15T00:00:00Z,-81.6326234,38.3498195,32.491944,-85.775556
"River Rouge, MI",TAAF,1943-06-30T00:00:00Z,-83.1343677,42.2733718,32.491944,-85.775556
"Brighton, AL",TAAF,1943-11-03T00:00:00Z,-86.9472148,33.4342755,32.491944,-85.775556
"Washington, DC",TAAF,1946-03-23T00:00:00Z,-77.0368707,38.9071923,32.491944,-85.775556
"Rochester, NY",TAAF,1944-10-16T00:00:00Z,-77.6088465,43.15657789999999,32.491944,-85.775556
"Demopolis, AL",TAAF,1942-07-03T00:00:00Z,-87.83640199999999,32.5176361,32.491944,-85.775556
"St. Louis, MO",TAAF,1944-09-08T00:00:00Z,-90.19940419999999,38.6270025,32.491944,-85.775556
"Wickliffe, OH",TAAF,1944-04-15T00:00:00Z,-81.4534492,41.6053266,32.491944,-85.775556
"Chicago, IL",TAAF,1943-10-01T00:00:00Z,-87.6297982,41.8781136,32.491944,-85.775556
"Philadelphia, PA",TAAF,1944-05-23T00:00:00Z,-75.1652215,39.9525839,32.491944,-85.775556
"San Antonio, TX",TAAF,1945-11-20T00:00:00Z,-98.49362819999999,29.4241219,32.491944,-85.775556
"Cleveland, OH",TAAF,1942-07-03T00:00:00Z,-81.6943605,41.49932,32.491944,-85.775556
"Bloomfield, NJ",TAAF,1944-06-27T00:00:00Z,-74.1854209,40.8067546,32.491944,-85.775556
"Fresno, CA",TAAF,1942-10-09T00:00:00Z,-119.7871247,36.7377981,32.491944,-85.775556
"Newton, VA",TAAF,1942-08-05T00:00:00Z,-79.4519686,36.5618054,32.491944,-85.775556
"Cincinnatti, OH",TAAF,1943-07-28T00:00:00Z,-84.5120196,39.1031182,32.491944,-85.775556
"Los Angeles, CA",TAAF,1944-06-27T00:00:00Z,-118.2436849,34.0522342,32.491944,-85.775556
"Amityville, NY",TAAF,1944-09-08T00:00:00Z,-73.4170673,40.6789893,32.491944,-85.775556
"Fairfield, AL",TAAF,1943-11-03T00:00:00Z,-86.91193659999999,33.4859402,32.491944,-85.775556
"Salisbury, MD",TAAF,1942-09-06T00:00:00Z,-75.5993692,38.3606736,32.491944,-85.775556
"Boston, MD",TAAF,1945-10-16T00:00:00Z,-71.08103059999999,42.350211,32.491944,-85.775556
"Chicago, IL",TAAF,1943-12-05T00:00:00Z,-87.6297982,41.8781136,32.491944,-85.775556
"South Bend, IN",TAAF,1945-11-20T00:00:00Z,-86.25198979999999,41.6763545,32.491944,-85.775556
"Denver, CO",TAAF,1943-06-30T00:00:00Z,-104.990251,39.7392358,32.491944,-85.775556
"Boston, MA",TAAF,1943-12-05T00:00:00Z,-71.0588801,42.3600825,32.491944,-85.775556
"New Orleans, LA",TAAF,1944-09-08T00:00:00Z,-90.0715323,29.95106579999999,32.491944,-85.775556
"Springfield, OH",TAAF,1943-06-30T00:00:00Z,-83.8088171,39.9242266,32.491944,-85.775556
"New Albany, IN",TAAF,1945-10-16T00:00:00Z,-85.8241312,38.2856247,32.491944,-85.775556
"Los Angeles, CA",TAAF,1943-07-28T00:00:00Z,-118.2436849,34.0522342,32.491944,-85.775556
"Itasca, TX",TAAF,1945-04-15T00:00:00Z,-97.15000739999999,32.1595947,32.491944,-85.775556
"Champaign-Urbana, IL",TAAF,1943-12-07T00:00:00Z,-88.2072697,40.1105875,32.491944,-85.775556
"New Rochelle, NY",TAAF,1944-02-08T00:00:00Z,-73.7823549,40.9114882,32.491944,-85.775556
"Ardmore, PA",TAAF,1946-03-23T00:00:00Z,-75.2854622,40.0067785,32.491944,-85.775556
"Fairmont Hts., MD",TAAF,1944-05-23T00:00:00Z,-76.9155291,38.9009452,32.491944,-85.775556
"Chicago, IL",TAAF,1944-08-04T00:00:00Z,-87.6297982,41.8781136,32.491944,-85.775556
"Chicago, IL",TAAF,1944-03-12T00:00:00Z,-87.6297982,41.8781136,32.491944,-85.775556
"Valley Stream, NY",TAAF,1944-06-27T00:00:00Z,-73.70846449999999,40.6642699,32.491944,-85.775556
"Columbus, OH",TAAF,1944-06-27T00:00:00Z,-82.99879419999999,39.9611755,32.491944,-85.775556
"Jamaica, NY",TAAF,1943-12-05T00:00:00Z,-73.7889689,40.702677,32.491944,-85.775556
"Birmingham, AL",TAAF,1944-02-08T00:00:00Z,-86.8103567,33.5185892,32.491944,-85.775556
"Los Angeles, CA",TAAF,1944-09-08T00:00:00Z,-118.2436849,34.0522342,32.491944,-85.775556
"Cleveland, OH",TAAF,1944-06-27T00:00:00Z,-81.6943605,41.49932,32.491944,-85.775556
"Hartsville, SC",TAAF,1943-05-28T00:00:00Z,-80.07340049999999,34.3740431,32.491944,-85.775556
"Philadelphia, PA",TAAF,1944-04-15T00:00:00Z,-75.1652215,39.9525839,32.491944,-85.775556
"Orange, VA",TAAF,1943-01-14T00:00:00Z,-78.1108342,38.2454106,32.491944,-85.775556
"Orange, VA",TAAF,1945-08-04T00:00:00Z,-78.1108342,38.2454106,32.491944,-85.775556
"Wadesboro, NC",TAAF,1944-03-12T00:00:00Z,-80.0767266,34.9682097,32.491944,-85.775556
"Bronx, NY",TAAF,1945-09-08T00:00:00Z,-73.8648268,40.8447819,32.491944,-85.775556
"Williams AFB, AZ","Williams AFB, AZ",1948-10-12T00:00:00Z,-111.6559352,33.3089787,33.308056,-111.659722
"Dubuque, IA",TAAF,1944-01-07T00:00:00Z,-90.6677347,42.506348,32.491944,-85.775556
"Washington, DC",TAAF,1944-01-07T00:00:00Z,-77.0368707,38.9071923,32.491944,-85.775556
"Monroe, LA",TAAF,1943-07-28T00:00:00Z,-92.1193012,32.5093109,32.491944,-85.775556
"Detroit, MI",TAAF,1945-09-08T00:00:00Z,-83.0457538,42.331427,32.491944,-85.775556
"Cadiz, OH",TAAF,1944-10-16T00:00:00Z,-80.9967628,40.2728452,32.491944,-85.775556
"Chicago, IL",TAAF,1943-10-22T00:00:00Z,-87.6297982,41.8781136,32.491944,-85.775556
"Orange, NJ",TAAF,1943-11-03T00:00:00Z,-74.2326478,40.7706187,32.491944,-85.775556
"Philadelphia, PA",TAAF,1946-03-23T00:00:00Z,-75.1652215,39.9525839,32.491944,-85.775556
"Los Angeles, CA",TAAF,1944-02-08T00:00:00Z,-118.2436849,34.0522342,32.491944,-85.775556
"Birmingham, AL",TAAF,1944-09-08T00:00:00Z,-86.8103567,33.5185892,32.491944,-85.775556
"Conway, AR",TAAF,1942-10-09T00:00:00Z,-92.4421011,35.0886963,32.491944,-85.775556
"New York, NY",TAAF,1944-10-16T00:00:00Z,-74.0059728,40.7127753,32.491944,-85.775556
"Bronx, NY",TAAF,1945-09-08T00:00:00Z,-73.8648268,40.8447819,32.491944,-85.775556
"Indianapolis, IN",TAAF,1943-10-01T00:00:00Z,-86.158068,39.768403,32.491944,-85.775556
"Gary, IN",TAAF,1944-03-12T00:00:00Z,-87.3371523,41.6020403,32.491944,-85.775556
"Asheville, NC",TAAF,1945-03-11T00:00:00Z,-82.5514869,35.5950581,32.491944,-85.775556
"Akron, OH",TAAF,1943-08-30T00:00:00Z,-81.51900529999999,41.0814447,32.491944,-85.775556
"Kokomo, IN",TAAF,1942-08-05T00:00:00Z,-86.13360329999999,40.486427,32.491944,-85.775556
"Houston, TX",TAAF,1943-10-22T00:00:00Z,-95.3698028,29.7604267,32.491944,-85.775556
"Stewart Field, NY","Stewart Field, NY",1946-04-29T00:00:00Z,-74.1008627,41.4984032,41.504167,-74.104722
"San Antonio, TX",TAAF,1943-03-25T00:00:00Z,-98.49362819999999,29.4241219,32.491944,-85.775556
"Yuma, AZ",TAAF,1944-09-08T00:00:00Z,-114.6276916,32.6926512,32.491944,-85.775556
"Ft. Worth, TX",TAAF,1943-01-14T00:00:00Z,-97.3307658,32.7554883,32.491944,-85.775556
"St. Louis, MO",TAAF,1942-09-06T00:00:00Z,-90.19940419999999,38.6270025,32.491944,-85.775556
"Martinsville, VA",TAAF,1943-01-14T00:00:00Z,-79.8725386,36.6915262,32.491944,-85.775556
"Chicago, IL",TAAF,1946-01-29T00:00:00Z,-87.6297982,41.8781136,32.491944,-85.775556
"Champaign, IL",TAAF,1943-06-30T00:00:00Z,-88.2433829,40.1164204,32.491944,-85.775556
"Muskogee, OK",TAAF,1942-07-03T00:00:00Z,-95.3696909,35.7478769,32.491944,-85.775556
"Bronx, NY",TAAF,1945-08-04T00:00:00Z,-73.8648268,40.8447819,32.491944,-85.775556
"Cleveland, OH",TAAF,1945-09-08T00:00:00Z,-81.6943605,41.49932,32.491944,-85.775556
"Philadelphia, PA",TAAF,1944-01-07T00:00:00Z,-75.1652215,39.9525839,32.491944,-85.775556
"East Chicago, IL",TAAF,1945-11-20T00:00:00Z,-87.4547635,41.63920239999999,32.491944,-85.775556
"Washington, DC",TAAF,1945-03-11T00:00:00Z,-77.0368707,38.9071923,32.491944,-85.775556
"Washington, DC",TAAF,1945-05-23T00:00:00Z,-77.0368707,38.9071923,32.491944,-85.775556
"Jackson, MS",TAAF,1943-07-28T00:00:00Z,-90.1848103,32.2987573,32.491944,-85.775556
"Brooklyn, NY",TAAF,1944-11-20T00:00:00Z,-73.9441579,40.6781784,32.491944,-85.775556
"Yonkers, NY",TAAF,1944-12-28T00:00:00Z,-73.89874689999999,40.9312099,32.491944,-85.775556
"Los Angeles, CA",TAAF,1943-07-28T00:00:00Z,-118.2436849,34.0522342,32.491944,-85.775556
"Brooklyn, NY",TAAF,1944-08-04T00:00:00Z,-73.9441579,40.6781784,32.491944,-85.775556
"Birmingham, AL",TAAF,1944-02-01T00:00:00Z,-86.8103567,33.5185892,32.491944,-85.775556
"Chicago, IL",TAAF,1944-03-12T00:00:00Z,-87.6297982,41.8781136,32.491944,-85.775556
"Plainfield, NJ",TAAF,1944-10-16T00:00:00Z,-74.4073736,40.6337136,32.491944,-85.775556
"DesMoines, IA",TAAF,1945-08-04T00:00:00Z,-93.6249593,41.5868353,32.491944,-85.775556
"Bloomington, IL",TAAF,1945-11-20T00:00:00Z,-88.99368729999999,40.4842027,32.491944,-85.775556
"Los Angeles, CA",TAAF,1944-09-08T00:00:00Z,-118.2436849,34.0522342,32.491944,-85.775556
"Battle Creek, MI",TAAF,1943-05-28T00:00:00Z,-85.17971419999999,42.3211522,32.491944,-85.775556
"Portland, OR",TAAF,1944-08-04T00:00:00Z,-122.6783853,45.515232,32.491944,-85.775556
"Los Angeles, CA",TAAF,1944-10-16T00:00:00Z,-118.2436849,34.0522342,32.491944,-85.775556
"Durham, NC",TAAF,1943-01-14T00:00:00Z,-78.898619,35.9940329,32.491944,-85.775556
"New Rochelle, NY",TAAF,1943-11-03T00:00:00Z,-73.7823549,40.9114882,32.491944,-85.775556
"Richmond, VA",TAAF,1943-09-30T00:00:00Z,-77.4360481,37.5407246,32.491944,-85.775556
"Gadston, AL",TAAF,1944-06-27T00:00:00Z,-86.0066386,34.014264,32.491944,-85.775556
"Washington, DC",TAAF,1942-07-03T00:00:00Z,-77.0368707,38.9071923,32.491944,-85.775556
"Mt. Clemens, MI",TAAF,1944-04-15T00:00:00Z,-82.8779754,42.5972563,32.491944,-85.775556
"Detroit, MI",TAAF,1945-03-11T00:00:00Z,-83.0457538,42.331427,32.491944,-85.775556
"Los Angeles, CA",TAAF,1944-02-08T00:00:00Z,-118.2436849,34.0522342,32.491944,-85.775556
"Cambridge, MA",TAAF,1944-04-15T00:00:00Z,-71.10973349999999,42.3736158,32.491944,-85.775556
"Cambridge, MA",TAAF,1944-04-15T00:00:00Z,-71.10973349999999,42.3736158,32.491944,-85.775556
"Austin, TX",TAAF,1946-03-23T00:00:00Z,-97.7430608,30.267153,32.491944,-85.775556
"Ocilla, GA",TAAF,1943-09-30T00:00:00Z,-83.2504328,31.5943567,32.491944,-85.775556
"Chicago, IL",TAAF,1944-12-28T00:00:00Z,-87.6297982,41.8781136,32.491944,-85.775556
"St. Louis, MO",TAAF,1943-06-30T00:00:00Z,-90.19940419999999,38.6270025,32.491944,-85.775556
"Chicago, IL",TAAF,1944-11-20T00:00:00Z,-87.6297982,41.8781136,32.491944,-85.775556
"New Orlenas, LA",TAAF,1944-11-20T00:00:00Z,-90.0715323,29.95106579999999,32.491944,-85.775556
"Detroit, MI",TAAF,1943-05-28T00:00:00Z,-83.0457538,42.331427,32.491944,-85.775556
"Cartersville, GA",TAAF,1942-09-06T00:00:00Z,-84.7999382,34.1650972,32.491944,-85.775556
"Yukon, PA",TAAF,1945-09-08T00:00:00Z,-79.6829954,40.2126932,32.491944,-85.775556
"Omaha, NE",TAAF,1943-10-01T00:00:00Z,-95.9345034,41.2565369,32.491944,-85.775556
"Seattle, WA",TAAF,1944-04-15T00:00:00Z,-122.3320708,47.6062095,32.491944,-85.775556
"Roxbury, MA",TAAF,1945-03-11T00:00:00Z,-71.0913748,42.3151978,32.491944,-85.775556
"Norfolk, VA",TAAF,1943-04-29T00:00:00Z,-76.28587259999999,36.8507689,32.491944,-85.775556
"Boston, MA",TAAF,1945-08-04T00:00:00Z,-71.0588801,42.3600825,32.491944,-85.775556
"Denver, CO",TAAF,1944-08-04T00:00:00Z,-104.990251,39.7392358,32.491944,-85.775556
"Chicago, IL",TAAF,1945-09-08T00:00:00Z,-87.6297982,41.8781136,32.491944,-85.775556
"Brooklyn, NY",TAAF,1944-12-28T00:00:00Z,-73.9441579,40.6781784,32.491944,-85.775556
"Franklin, TN",TAAF,1944-06-27T00:00:00Z,-86.8688899,35.9250637,32.491944,-85.775556
"Whiteville, NC",TAAF,1944-10-16T00:00:00Z,-78.7030721,34.3387802,32.491944,-85.775556
"Gary, IN",TAAF,1945-05-23T00:00:00Z,-87.3371523,41.6020403,32.491944,-85.775556
"Indianapolis, IN",TAAF,1944-10-16T00:00:00Z,-86.158068,39.768403,32.491944,-85.775556
"Detroit, MI",TAAF,1944-09-08T00:00:00Z,-83.0457538,42.331427,32.491944,-85.775556
"Cincinnati, OH",TAAF,1946-06-28T00:00:00Z,-84.5120196,39.1031182,32.491944,-85.775556
"Philadelphia, PA",TAAF,1944-12-28T00:00:00Z,-75.1652215,39.9525839,32.491944,-85.775556
"Bronx, NY",TAAF,1945-11-20T00:00:00Z,-73.8648268,40.8447819,32.491944,-85.775556
"San Diego, CA",TAAF,1944-11-20T00:00:00Z,-117.1610838,32.715738,32.491944,-85.775556
"Chicago, IL",TAAF,1943-10-01T00:00:00Z,-87.6297982,41.8781136,32.491944,-85.775556
"Pittsburg, PA",TAAF,1943-07-28T00:00:00Z,-79.9958864,40.44062479999999,32.491944,-85.775556
"St. Louis, MO",TAAF,1943-10-01T00:00:00Z,-90.19940419999999,38.6270025,32.491944,-85.775556
"Brooklyn, NY",TAAF,1943-12-05T00:00:00Z,-73.9441579,40.6781784,32.491944,-85.775556
"Port au Prince, Haiti",TAAF,1944-02-08T00:00:00Z,-72.3074326,18.594395,32.491944,-85.775556
"Tuskegee Inst., AL",TAAF,1944-03-12T00:00:00Z,-85.7073277,32.4307809,32.491944,-85.775556
"Junction City, KS",TAAF,1944-08-04T00:00:00Z,-96.83139779999999,39.0286093,32.491944,-85.775556
"Gallipolis, OH",TAAF,1943-12-07T00:00:00Z,-82.2023691,38.809803,32.491944,-85.775556
"St. Louis, MO",TAAF,1945-04-15T00:00:00Z,-90.19940419999999,38.6270025,32.491944,-85.775556
"Cleveland, OH",TAAF,1945-08-04T00:00:00Z,-81.6943605,41.49932,32.491944,-85.775556
"Detroit, MI",TAAF,1944-01-07T00:00:00Z,-83.0457538,42.331427,32.491944,-85.775556
"Tulsa, OK",TAAF,1943-12-07T00:00:00Z,-95.99277500000001,36.1539816,32.491944,-85.775556
"Council Bluffs, IA",TAAF,1944-05-23T00:00:00Z,-95.8608333,41.2619444,32.491944,-85.775556
"Montgomery, AL",TAAF,1945-03-11T00:00:00Z,-86.3077368,32.3792233,32.491944,-85.775556
"Omaha, NE",TAAF,1944-05-23T00:00:00Z,-95.9345034,41.2565369,32.491944,-85.775556
"Los Angeles, CA",TAAF,1943-07-28T00:00:00Z,-118.2436849,34.0522342,32.491944,-85.775556
"Newport News, VA",TAAF,1945-09-08T00:00:00Z,-76.4730122,37.0870821,32.491944,-85.775556
"New York, NY",TAAF,1943-06-30T00:00:00Z,-74.0059728,40.7127753,32.491944,-85.775556
"Chicago, IL",TAAF,1944-01-07T00:00:00Z,-87.6297982,41.8781136,32.491944,-85.775556
"Youngstown, OH",TAAF,1945-05-23T00:00:00Z,-80.6495194,41.0997803,32.491944,-85.775556
"Baltimore, MD",TAAF,1944-12-28T00:00:00Z,-76.6121893,39.2903848,32.491944,-85.775556
"DesMoines, IA",TAAF,1944-11-20T00:00:00Z,-93.6249593,41.5868353,32.491944,-85.775556
"Port au Prince, Haiti",TAAF,1943-08-30T00:00:00Z,-72.3074326,18.594395,32.491944,-85.775556
"Washington, DC",TAAF,1945-04-15T00:00:00Z,-77.0368707,38.9071923,32.491944,-85.775556
"South Franklin, TN",TAAF,1944-02-08T00:00:00Z,-86.8688899,35.9250637,32.491944,-85.775556
"Wichita Falls, TX",TAAF,1943-11-03T00:00:00Z,-98.4933873,33.9137085,32.491944,-85.775556
"Mamaroneck, NY",TAAF,1945-04-15T00:00:00Z,-73.7326309,40.94870969999999,32.491944,-85.775556
"Oakland, CA",TAAF,1943-11-03T00:00:00Z,-122.2711639,37.8043514,32.491944,-85.775556
"Texarkana, TX",TAAF,1944-12-28T00:00:00Z,-94.04768820000001,33.425125,32.491944,-85.775556
"New York, NY",TAAF,1943-08-30T00:00:00Z,-74.0059728,40.7127753,32.491944,-85.775556
"Rochester, NY",TAAF,1944-08-04T00:00:00Z,-77.6088465,43.15657789999999,32.491944,-85.775556
"Little Silver, NJ",TAAF,1945-04-15T00:00:00Z,-74.0470837,40.3367768,32.491944,-85.775556
"Henderson, NC",TAAF,1944-04-15T00:00:00Z,-78.39920099999999,36.3294305,32.491944,-85.775556
"St. Louis, MO",TAAF,1944-04-15T00:00:00Z,-90.19940419999999,38.6270025,32.491944,-85.775556
"Seattle, WA",TAAF,1944-06-27T00:00:00Z,-122.3320708,47.6062095,32.491944,-85.775556
"Canonsburg, PA",TAAF,1945-05-23T00:00:00Z,-80.18727969999999,40.2625702,32.491944,-85.775556
"Denver, CO",TAAF,1944-01-07T00:00:00Z,-104.990251,39.7392358,32.491944,-85.775556
"Thomasville, GA",TAAF,1942-09-06T00:00:00Z,-83.9787808,30.8365815,32.491944,-85.775556
"Nashville, TN",TAAF,1944-05-23T00:00:00Z,-86.7816016,36.1626638,32.491944,-85.775556
"Baltimore, MD",TAAF,1943-11-03T00:00:00Z,-76.6121893,39.2903848,32.491944,-85.775556
"Williams AFB, AZ","Williams AFB, AZ",1948-06-25T00:00:00Z,-111.6559352,33.3089787,33.308056,-111.659722
"Pensacola, FL",TAAF,1943-02-16T00:00:00Z,-87.2169149,30.42130899999999,32.491944,-85.775556
"Buffalo, NY",TAAF,1943-12-05T00:00:00Z,-78.8783689,42.88644679999999,32.491944,-85.775556
"South Bend, IN",TAAF,1944-08-04T00:00:00Z,-86.25198979999999,41.6763545,32.491944,-85.775556
"Chicago, IL",TAAF,1943-10-01T00:00:00Z,-87.6297982,41.8781136,32.491944,-85.775556
"Detroit, MI",TAAF,1945-09-08T00:00:00Z,-83.0457538,42.331427,32.491944,-85.775556
"Cleveland, OH",TAAF,1944-03-12T00:00:00Z,-81.6943605,41.49932,32.491944,-85.775556
"Los Angeles, CA",TAAF,1945-04-15T00:00:00Z,-118.2436849,34.0522342,32.491944,-85.775556
"Eggertsville, NY",TAAF,1945-04-15T00:00:00Z,-78.80392259999999,42.963391,32.491944,-85.775556
"Atlanta, GA",TAAF,1945-06-27T00:00:00Z,-84.3879824,33.7489954,32.491944,-85.775556
"East Berkley, WV",TAAF,1945-08-04T00:00:00Z,-81.17204389999999,37.7692817,32.491944,-85.775556
"Garden City, KS",TAAF,1945-10-16T00:00:00Z,-100.8726618,37.9716898,32.491944,-85.775556
"Topeka, KS",TAAF,1944-03-12T00:00:00Z,-95.67515759999999,39.0473451,32.491944,-85.775556
"Dayton, OH",TAAF,1945-06-27T00:00:00Z,-84.1916069,39.7589478,32.491944,-85.775556
"Oberlin, OH",TAAF,1945-11-20T00:00:00Z,-82.21737859999999,41.2939386,32.491944,-85.775556
"Norfolk, VA",TAAF,1945-08-04T00:00:00Z,-76.28587259999999,36.8507689,32.491944,-85.775556
"Lewisburg, AL",TAAF,1943-02-16T00:00:00Z,-86.8055466,33.5826044,32.491944,-85.775556
"Independence, KS",TAAF,1945-03-11T00:00:00Z,-95.7083131,37.2242358,32.491944,-85.775556
"St. Louis, MO",TAAF,1942-12-13T00:00:00Z,-90.19940419999999,38.6270025,32.491944,-85.775556
"Kansas City, KS",TAAF,1942-12-13T00:00:00Z,-94.62678729999999,39.11553139999999,32.491944,-85.775556
"Los Angeles, CA",TAAF,1944-10-16T00:00:00Z,-118.2436849,34.0522342,32.491944,-85.775556
"New York, NY",TAAF,1943-08-30T00:00:00Z,-74.0059728,40.7127753,32.491944,-85.775556
"Philadelphia, PA",TAAF,1945-04-15T00:00:00Z,-75.1652215,39.9525839,32.491944,-85.775556
"Wilmington, DE",TAAF,1942-07-03T00:00:00Z,-75.5483909,39.744655,32.491944,-85.775556
"Bronx, NY",TAAF,1944-12-28T00:00:00Z,-73.8648268,40.8447819,32.491944,-85.775556
"Washington, DC",TAAF,1944-08-04T00:00:00Z,-77.0368707,38.9071923,32.491944,-85.775556
"New Haven, CT",TAAF,1945-04-15T00:00:00Z,-72.9278835,41.308274,32.491944,-85.775556
"Ardmore, OK",TAAF,1945-11-20T00:00:00Z,-97.14362539999999,34.1742611,32.491944,-85.775556
"Augusta, GA",TAAF,1944-05-23T00:00:00Z,-82.0105148,33.4734978,32.491944,-85.775556
"Philadelphia, PA",TAAF,1945-09-08T00:00:00Z,-75.1652215,39.9525839,32.491944,-85.775556
"Gary, IN",TAAF,1944-03-12T00:00:00Z,-87.3371523,41.6020403,32.491944,-85.775556
"Washington, DC",TAAF,1943-11-03T00:00:00Z,-77.0368707,38.9071923,32.491944,-85.775556
"Washington, DC",TAAF,1942-05-20T00:00:00Z,-77.0368707,38.9071923,32.491944,-85.775556
"Martinville, LA",TAAF,1945-06-27T00:00:00Z,-91.8294817,30.1231441,32.491944,-85.775556
"Chicago, IL",TAAF,1944-03-12T00:00:00Z,-87.6297982,41.8781136,32.491944,-85.775556
"Pittsburg, PA",TAAF,1944-09-08T00:00:00Z,-79.9958864,40.44062479999999,32.491944,-85.775556
"Tillar, AR",TAAF,1945-03-11T00:00:00Z,-91.4528998,33.7123297,32.491944,-85.775556
"Washington, DC",TAAF,1944-08-04T00:00:00Z,-77.0368707,38.9071923,32.491944,-85.775556
"New York, NY",TAAF,1944-08-04T00:00:00Z,-74.0059728,40.7127753,32.491944,-85.775556
"Ahoskie, NC",TAAF,1945-08-04T00:00:00Z,-76.98468079999999,36.2868223,32.491944,-85.775556
"Brooklyn, NY",TAAF,1943-10-01T00:00:00Z,-73.9441579,40.6781784,32.491944,-85.775556
"Bridgetown, NJ",TAAF,1945-03-11T00:00:00Z,-75.2340768,39.427337,32.491944,-85.775556
"Montclair, NJ",TAAF,1942-10-09T00:00:00Z,-74.2090053,40.8259007,32.491944,-85.775556
"Swarthmore, PA",TAAF,1944-08-04T00:00:00Z,-75.3499123,39.9020565,32.491944,-85.775556
"Rutherford, NJ",TAAF,1944-04-15T00:00:00Z,-74.10680909999999,40.826489,32.491944,-85.775556
"Camden, NJ",TAAF,1945-03-11T00:00:00Z,-75.1196199,39.9259463,32.491944,-85.775556
"Bronx, NY",TAAF,1943-06-30T00:00:00Z,-73.8648268,40.8447819,32.491944,-85.775556
"Brooklyn, NY",TAAF,1945-09-08T00:00:00Z,-73.9441579,40.6781784,32.491944,-85.775556
"Boston, MA",TAAF,1945-08-04T00:00:00Z,-71.0588801,42.3600825,32.491944,-85.775556
"Chicago, IL",TAAF,1943-11-03T00:00:00Z,-87.6297982,41.8781136,32.491944,-85.775556
"Boston, MA",TAAF,1944-01-07T00:00:00Z,-71.0588801,42.3600825,32.491944,-85.775556
"Fairmont, WV",TAAF,1942-03-06T00:00:00Z,-80.1425781,39.4850848,32.491944,-85.775556
"Vauxhall, NJ",TAAF,1944-12-28T00:00:00Z,-74.285017,40.7189709,32.491944,-85.775556
"Prichard, AL",TAAF,1942-08-05T00:00:00Z,-88.0896618,30.74515449999999,32.491944,-85.775556
"Toccoa, GA",TAAF,1944-05-23T00:00:00Z,-83.3323851,34.5773206,32.491944,-85.775556
"Philadelphia, PA",TAAF,1945-08-04T00:00:00Z,-75.1652215,39.9525839,32.491944,-85.775556
"Atlanta, GA",TAAF,1944-04-15T00:00:00Z,-84.3879824,33.7489954,32.491944,-85.775556
"Orangeburg, SC",TAAF,1943-04-29T00:00:00Z,-80.8556476,33.4918203,32.491944,-85.775556
"Birmingham, AL",TAAF,1945-11-20T00:00:00Z,-86.8103567,33.5185892,32.491944,-85.775556
"Asheville, NC",TAAF,1944-08-04T00:00:00Z,-82.5514869,35.5950581,32.491944,-85.775556
"Wilcoe, WV",TAAF,1945-06-27T00:00:00Z,-81.5510726,37.3662577,32.491944,-85.775556
"Monroe, NJ",TAAF,1945-03-11T00:00:00Z,-74.43304739999999,40.336419,32.491944,-85.775556
"Chicago, IL",TAAF,1945-11-20T00:00:00Z,-87.6297982,41.8781136,32.491944,-85.775556
"Denver, CO",TAAF,1944-08-04T00:00:00Z,-104.990251,39.7392358,32.491944,-85.775556
"Elizabeth, NJ",TAAF,1944-02-08T00:00:00Z,-74.2107006,40.6639916,32.491944,-85.775556
"Tuskegee Inst., AL",TAAF,1943-12-05T00:00:00Z,-85.7073277,32.4307809,32.491944,-85.775556
"Chicago, IL",TAAF,1943-07-28T00:00:00Z,-87.6297982,41.8781136,32.491944,-85.775556
"Chicago, IL",TAAF,1942-08-05T00:00:00Z,-87.6297982,41.8781136,32.491944,-85.775556
"Christiansted, VI",TAAF,1944-03-12T00:00:00Z,-64.7031977,17.7466397,32.491944,-85.775556
"Oakland, CA",TAAF,1943-08-30T00:00:00Z,-122.2711639,37.8043514,32.491944,-85.775556
"Chicago, IL",TAAF,1943-09-30T00:00:00Z,-87.6297982,41.8781136,32.491944,-85.775556
"Dayton, OH",TAAF,1942-03-06T00:00:00Z,-84.1916069,39.7589478,32.491944,-85.775556
"Pineville, KY",TAAF,1946-01-29T00:00:00Z,-83.6949176,36.76203,32.491944,-85.775556
"Ashland, KY",TAAF,1943-10-01T00:00:00Z,-82.63793869999999,38.4784144,32.491944,-85.775556
"Detroit, MI",TAAF,1946-06-28T00:00:00Z,-83.0457538,42.331427,32.491944,-85.775556
"Washington, PA",TAAF,1944-01-07T00:00:00Z,-80.2461714,40.17396,32.491944,-85.775556
"Los Angeles, CA",TAAF,1945-10-16T00:00:00Z,-118.2436849,34.0522342,32.491944,-85.775556
"Philadelphia, PA",TAAF,1944-09-08T00:00:00Z,-75.1652215,39.9525839,32.491944,-85.775556
"Washington, DC",TAAF,1945-05-23T00:00:00Z,-77.0368707,38.9071923,32.491944,-85.775556
"Bessemer, AL",TAAF,1943-03-25T00:00:00Z,-86.954437,33.4017766,32.491944,-85.775556
"Jamaica, NY",TAAF,1945-08-04T00:00:00Z,-73.7889689,40.702677,32.491944,-85.775556
"Columbus, OH",TAAF,1943-04-29T00:00:00Z,-82.99879419999999,39.9611755,32.491944,-85.775556
"Austin, TX",TAAF,1943-10-01T00:00:00Z,-97.7430608,30.267153,32.491944,-85.775556
"Brooklyn, NY",TAAF,1944-06-27T00:00:00Z,-73.9441579,40.6781784,32.491944,-85.775556
"New York, NY",TAAF,1945-03-11T00:00:00Z,-74.0059728,40.7127753,32.491944,-85.775556
"Asbury Park, NJ",TAAF,1945-09-08T00:00:00Z,-74.0120817,40.2203907,32.491944,-85.775556
"Jersey City, NJ",TAAF,1943-10-01T00:00:00Z,-74.0431435,40.7177545,32.491944,-85.775556
"Chicago, IL",TAAF,1945-08-04T00:00:00Z,-87.6297982,41.8781136,32.491944,-85.775556
"Oberlin, OH",TAAF,1945-11-20T00:00:00Z,-82.21737859999999,41.2939386,32.491944,-85.775556
"Norfolk, VA",TAAF,1943-06-30T00:00:00Z,-76.28587259999999,36.8507689,32.491944,-85.775556
"Los Angeles, CA",TAAF,1945-05-23T00:00:00Z,-118.2436849,34.0522342,32.491944,-85.775556
"Chicago, IL",TAAF,1943-09-30T00:00:00Z,-87.6297982,41.8781136,32.491944,-85.775556
"New Haven, CT",TAAF,1945-04-15T00:00:00Z,-72.9278835,41.308274,32.491944,-85.775556
"Washington, DC",TAAF,1944-08-04T00:00:00Z,-77.0368707,38.9071923,32.491944,-85.775556
"Jamaica, NY",TAAF,1943-05-28T00:00:00Z,-73.7889689,40.702677,32.491944,-85.775556
"Columbus, OH",TAAF,1943-11-03T00:00:00Z,-82.99879419999999,39.9611755,32.491944,-85.775556
"Albany, IL",TAAF,1945-10-16T00:00:00Z,-90.2192941,41.78947480000001,32.491944,-85.775556
"St. Louis, MO",TAAF,1944-12-28T00:00:00Z,-90.19940419999999,38.6270025,32.491944,-85.775556
"N. Plainsfield, NJ",TAAF,1944-04-15T00:00:00Z,-74.4273743,40.6301025,32.491944,-85.775556
"Washington, DC",TAAF,1943-03-25T00:00:00Z,-77.0368707,38.9071923,32.491944,-85.775556
"Detroit, MI",TAAF,1945-06-27T00:00:00Z,-83.0457538,42.331427,32.491944,-85.775556
"Jacksonville, FL",TAAF,1943-10-01T00:00:00Z,-81.65565099999999,30.3321838,32.491944,-85.775556
"Chicago, IL",TAAF,1946-01-29T00:00:00Z,-87.6297982,41.8781136,32.491944,-85.775556
"Detroit, MI",TAAF,1943-11-03T00:00:00Z,-83.0457538,42.331427,32.491944,-85.775556
"White Plains, NY",TAAF,1944-10-16T00:00:00Z,-73.7629097,41.03398620000001,32.491944,-85.775556
"Fresno, CA",TAAF,1944-08-04T00:00:00Z,-119.7871247,36.7377981,32.491944,-85.775556
"Williams AFB, AZ","Williams AFB, AZ",1948-10-12T00:00:00Z,-111.6559352,33.3089787,33.308056,-111.659722
"Jacksonville, FL",TAAF,1943-03-25T00:00:00Z,-81.65565099999999,30.3321838,32.491944,-85.775556
"Louisville, KN",TAAF,1943-06-30T00:00:00Z,-85.7584557,38.2526647,32.491944,-85.775556
"Jersey City, NJ",TAAF,1945-03-11T00:00:00Z,-74.0431435,40.7177545,32.491944,-85.775556
"Oakland, CA",TAAF,1945-04-15T00:00:00Z,-122.2711639,37.8043514,32.491944,-85.775556
"Philadelphia, PA",TAAF,1943-07-28T00:00:00Z,-75.1652215,39.9525839,32.491944,-85.775556
"Cincinnati, OH",TAAF,1943-11-03T00:00:00Z,-84.5120196,39.1031182,32.491944,-85.775556
"Pasadena, CA",TAAF,1945-05-23T00:00:00Z,-118.1445155,34.1477849,32.491944,-85.775556
"Ahoskie, NC",TAAF,1942-07-03T00:00:00Z,-76.98468079999999,36.2868223,32.491944,-85.775556
"Memphis, TN",TAAF,1944-10-16T00:00:00Z,-90.0489801,35.1495343,32.491944,-85.775556
"Los Angeles, CA",TAAF,1943-04-29T00:00:00Z,-118.2436849,34.0522342,32.491944,-85.775556
"Des Moines, IA",TAAF,1943-05-28T00:00:00Z,-93.6249593,41.5868353,32.491944,-85.775556
"East Chicago, IL",TAAF,1945-03-11T00:00:00Z,-87.4547635,41.63920239999999,32.491944,-85.775556
"Ahoskie, NC",TAAF,1945-08-04T00:00:00Z,-76.98468079999999,36.2868223,32.491944,-85.775556
"Muskogee, OK",TAAF,1945-06-27T00:00:00Z,-95.3696909,35.7478769,32.491944,-85.775556
"Baltimore, MD",TAAF,1943-10-01T00:00:00Z,-76.6121893,39.2903848,32.491944,-85.775556
"San Antonio, TX",TAAF,1943-12-07T00:00:00Z,-98.49362819999999,29.4241219,32.491944,-85.775556
"Lebanon, KY",TAAF,1944-12-28T00:00:00Z,-85.2527381,37.5697868,32.491944,-85.775556
"Rutherford, NJ",TAAF,1944-08-04T00:00:00Z,-74.10680909999999,40.826489,32.491944,-85.775556
"Pueblo, CO",TAAF,1944-06-27T00:00:00Z,-104.6091409,38.2544472,32.491944,-85.775556
"Tallahassee, FL",TAAF,1943-02-16T00:00:00Z,-84.28073289999999,30.4382559,32.491944,-85.775556
"Greenville, OH",TAAF,1945-11-20T00:00:00Z,-84.63301150000001,40.1028264,32.491944,-85.775556
"DesMoines, IA",TAAF,1945-11-20T00:00:00Z,-93.6249593,41.5868353,32.491944,-85.775556
"Chicago, IL",TAAF,1943-11-03T00:00:00Z,-87.6297982,41.8781136,32.491944,-85.775556
"St. Louis, MO",TAAF,1944-09-08T00:00:00Z,-90.19940419999999,38.6270025,32.491944,-85.775556
"Portland, OR",TAAF,1943-01-14T00:00:00Z,-122.6783853,45.515232,32.491944,-85.775556
"Los Angeles, CA",TAAF,1944-05-23T00:00:00Z,-118.2436849,34.0522342,32.491944,-85.775556
"Chicago, IL",TAAF,1943-10-22T00:00:00Z,-87.6297982,41.8781136,32.491944,-85.775556
"Washington, DC",TAAF,1944-12-28T00:00:00Z,-77.0368707,38.9071923,32.491944,-85.775556
"Washington, DC",TAAF,1944-10-16T00:00:00Z,-77.0368707,38.9071923,32.491944,-85.775556
"San Antonio, TX",TAAF,1944-11-20T00:00:00Z,-98.49362819999999,29.4241219,32.491944,-85.775556
"Los Angeles, CA",TAAF,1943-07-28T00:00:00Z,-118.2436849,34.0522342,32.491944,-85.775556
"Corona, NY",TAAF,1944-06-27T00:00:00Z,-73.8642613,40.7449859,32.491944,-85.775556
"Philadelphia, PA",TAAF,1943-11-03T00:00:00Z,-75.1652215,39.9525839,32.491944,-85.775556
"Jackson, MI",TAAF,1944-03-12T00:00:00Z,-84.3542049,42.1764362,32.491944,-85.775556
"St. Louis, MO",TAAF,1943-08-30T00:00:00Z,-90.19940419999999,38.6270025,32.491944,-85.775556
"Wichita, KS",TAAF,1944-10-16T00:00:00Z,-97.33005299999999,37.68717609999999,32.491944,-85.775556
"Lawrenceville, VA",TAAF,1945-11-20T00:00:00Z,-77.84693740000002,36.7576469,32.491944,-85.775556
"Springfield, NJ",TAAF,1944-08-04T00:00:00Z,-74.3222146,40.7016937,32.491944,-85.775556
"Terre Haute, IN",TAAF,1943-05-28T00:00:00Z,-87.41390919999999,39.4667034,32.491944,-85.775556
"Jacksonville, FL",TAAF,1944-11-20T00:00:00Z,-81.65565099999999,30.3321838,32.491944,-85.775556
"Merchantville, NJ",TAAF,1945-09-08T00:00:00Z,-75.0479726,39.9503838,32.491944,-85.775556
"Pittsburgh, PA",TAAF,1943-08-30T00:00:00Z,-79.9958864,40.44062479999999,32.491944,-85.775556
"Pittsburgh, PA",TAAF,1943-07-28T00:00:00Z,-79.9958864,40.44062479999999,32.491944,-85.775556
"Philadelphia, PA",TAAF,1943-08-30T00:00:00Z,-75.1652215,39.9525839,32.491944,-85.775556
"Champaign, IL",TAAF,1945-04-15T00:00:00Z,-88.2433829,40.1164204,32.491944,-85.775556
"Atlanta, GA",TAAF,1943-09-30T00:00:00Z,-84.3879824,33.7489954,32.491944,-85.775556
"Kaufman, TX",TAAF,1943-04-29T00:00:00Z,-96.3088693,32.5890238,32.491944,-85.775556
"Inkster, MI",TAAF,1945-08-04T00:00:00Z,-83.30993029999999,42.2942045,32.491944,-85.775556
"Carrollton, AL",TAAF,1943-07-28T00:00:00Z,-88.0950263,33.2617871,32.491944,-85.775556
"Emporia, KS",TAAF,1945-09-08T00:00:00Z,-96.18166260000001,38.403903,32.491944,-85.775556
"Los Angeles, CA",TAAF,1944-02-01T00:00:00Z,-118.2436849,34.0522342,32.491944,-85.775556
"Port of Spain, TD",TAAF,1944-11-20T00:00:00Z,-80.4006878,27.3114646,32.491944,-85.775556
"Washington City, PA",TAAF,1943-10-22T00:00:00Z,-80.2461714,40.17396,32.491944,-85.775556
"Chicago, IL",TAAF,1943-11-03T00:00:00Z,-87.6297982,41.8781136,32.491944,-85.775556
"Redlands, CA",TAAF,1945-06-27T00:00:00Z,-117.2058765,34.0563884,32.491944,-85.775556
"Los Angeles, CA",TAAF,1943-11-03T00:00:00Z,-118.2436849,34.0522342,32.491944,-85.775556
"Philadelphia, PA",TAAF,1944-10-16T00:00:00Z,-75.1652215,39.9525839,32.491944,-85.775556
"London, WV",TAAF,1943-08-30T00:00:00Z,-81.3687243,38.1945491,32.491944,-85.775556
"Brooklyn, NY",TAAF,1945-03-11T00:00:00Z,-73.9441579,40.6781784,32.491944,-85.775556
"Cleveland, OH",TAAF,1945-10-16T00:00:00Z,-81.6943605,41.49932,32.491944,-85.775556
"New Rochelle, NY",TAAF,1943-12-05T00:00:00Z,-73.7823549,40.9114882,32.491944,-85.775556
"Brooklyn, NY",TAAF,1945-10-16T00:00:00Z,-73.9441579,40.6781784,32.491944,-85.775556
"Brooklyn, NY",TAAF,1944-10-16T00:00:00Z,-73.9441579,40.6781784,32.491944,-85.775556
"East Orange, NJ",TAAF,1945-05-23T00:00:00Z,-74.2048677,40.767323,32.491944,-85.775556
"Philadelphia, PA",TAAF,1944-02-01T00:00:00Z,-75.1652215,39.9525839,32.491944,-85.775556
"Fall River, MA",TAAF,1943-11-03T00:00:00Z,-71.1550451,41.7014912,32.491944,-85.775556
"Austin, TX",TAAF,1945-08-04T00:00:00Z,-97.7430608,30.267153,32.491944,-85.775556
"San Francisco, CA",TAAF,1942-09-06T00:00:00Z,-122.4194155,37.7749295,32.491944,-85.775556
"Bay City, TX",TAAF,1942-12-13T00:00:00Z,-95.969402,28.9827565,32.491944,-85.775556
"Mt. Vernon, NY",TAAF,1945-06-27T00:00:00Z,-73.8370786,40.9125992,32.491944,-85.775556
"Philadelphia, PA",TAAF,1943-12-07T00:00:00Z,-75.1652215,39.9525839,32.491944,-85.775556
"Detroit, MI",TAAF,1945-04-15T00:00:00Z,-83.0457538,42.331427,32.491944,-85.775556
"Flint, MI",TAAF,1944-10-16T00:00:00Z,-83.6874562,43.0125274,32.491944,-85.775556
"Washington, DC",TAAF,1942-10-09T00:00:00Z,-77.0368707,38.9071923,32.491944,-85.775556
"Los Angeles, CA",TAAF,1945-08-04T00:00:00Z,-118.2436849,34.0522342,32.491944,-85.775556
"Atlanta, GA",TAAF,1944-06-27T00:00:00Z,-84.3879824,33.7489954,32.491944,-85.775556
"Washington, DC",TAAF,1944-01-07T00:00:00Z,-77.0368707,38.9071923,32.491944,-85.775556
"Washington, DC",TAAF,1943-06-30T00:00:00Z,-77.0368707,38.9071923,32.491944,-85.775556
"Los Angeles, CA",TAAF,1944-04-15T00:00:00Z,-118.2436849,34.0522342,32.491944,-85.775556
"Los Angeles, CA",TAAF,1944-01-07T00:00:00Z,-118.2436849,34.0522342,32.491944,-85.775556
"Pittsburg, PA",TAAF,1945-05-23T00:00:00Z,-79.9958864,40.44062479999999,32.491944,-85.775556
"Detroit, MI",TAAF,1945-03-11T00:00:00Z,-83.0457538,42.331427,32.491944,-85.775556
"Brooklyn, NY",TAAF,1944-11-20T00:00:00Z,-73.9441579,40.6781784,32.491944,-85.775556
"Chicago, IL",TAAF,1944-12-28T00:00:00Z,-87.6297982,41.8781136,32.491944,-85.775556
"New York, NY",TAAF,1942-12-13T00:00:00Z,-74.0059728,40.7127753,32.491944,-85.775556
"Chicago, IL",TAAF,1944-11-20T00:00:00Z,-87.6297982,41.8781136,32.491944,-85.775556
"Jackson, MI",TAAF,1944-01-07T00:00:00Z,-84.3542049,42.1764362,32.491944,-85.775556
"Richmond, KY",TAAF,1943-06-30T00:00:00Z,-84.2946539,37.7478572,32.491944,-85.775556
"Manning, SC",TAAF,1943-05-28T00:00:00Z,-80.2109134,33.6951627,32.491944,-85.775556
"Canton, OH",TAAF,1945-03-11T00:00:00Z,-81.378447,40.79894729999999,32.491944,-85.775556
"Indianola, MS",TAAF,1943-01-14T00:00:00Z,-90.6550917,33.4509513,32.491944,-85.775556
"Atlantic City, NJ",TAAF,1944-05-23T00:00:00Z,-74.4229266,39.3642834,32.491944,-85.775556
"Suffolk, VA",TAAF,1942-12-13T00:00:00Z,-76.5835621,36.7282054,32.491944,-85.775556
"Carbondale, IL",TAAF,1943-02-16T00:00:00Z,-89.2167501,37.7272727,32.491944,-85.775556
"Montclair, NJ",TAAF,1945-05-23T00:00:00Z,-74.2090053,40.8259007,32.491944,-85.775556
"New York, NY",TAAF,1943-11-03T00:00:00Z,-74.0059728,40.7127753,32.491944,-85.775556
"Brooklyn, NY",TAAF,1944-10-16T00:00:00Z,-73.9441579,40.6781784,32.491944,-85.775556
"Elkton, MD",TAAF,1945-03-11T00:00:00Z,-75.83327179999999,39.60677889999999,32.491944,-85.775556
"Willow Grove, PA",TAAF,1944-09-08T00:00:00Z,-75.1157286,40.1439985,32.491944,-85.775556
"Atlantic City, NJ",TAAF,1944-11-20T00:00:00Z,-74.4229266,39.3642834,32.491944,-85.775556
"Cleveland, OH",TAAF,1944-06-27T00:00:00Z,-81.6943605,41.49932,32.491944,-85.775556
"Chicago, IL",TAAF,1944-11-20T00:00:00Z,-87.6297982,41.8781136,32.491944,-85.775556
"Freeman, WV",TAAF,1945-09-08T00:00:00Z,-81.3055557,37.3281836,32.491944,-85.775556
"Omaha, NE",TAAF,1943-10-01T00:00:00Z,-95.9345034,41.2565369,32.491944,-85.775556
"Frankfort, KY",TAAF,1943-05-28T00:00:00Z,-84.87328350000001,38.2009055,32.491944,-85.775556
"Hackensack, NJ",TAAF,1942-07-03T00:00:00Z,-74.0434736,40.8859325,32.491944,-85.775556
"New York, NY",TAAF,1944-05-23T00:00:00Z,-74.0059728,40.7127753,32.491944,-85.775556
"Albion, MI",TAAF,1945-10-16T00:00:00Z,-84.7530304,42.243097,32.491944,-85.775556
"Memphis, TN",TAAF,1943-04-29T00:00:00Z,-90.0489801,35.1495343,32.491944,-85.775556
"Chicago, IL",TAAF,1943-10-22T00:00:00Z,-87.6297982,41.8781136,32.491944,-85.775556
"Baltimore, MD",TAAF,1944-06-27T00:00:00Z,-76.6121893,39.2903848,32.491944,-85.775556
"Washington, DC",TAAF,1943-12-05T00:00:00Z,-77.0368707,38.9071923,32.491944,-85.775556
"Buffalo, NY",TAAF,1943-06-30T00:00:00Z,-78.8783689,42.88644679999999,32.491944,-85.775556
"Toledo, OH",TAAF,1944-02-08T00:00:00Z,-83.5378674,41.6528052,32.491944,-85.775556
"Washington, DC",TAAF,1945-09-08T00:00:00Z,-77.0368707,38.9071923,32.491944,-85.775556
"Atlanta, GA",TAAF,1943-07-28T00:00:00Z,-84.3879824,33.7489954,32.491944,-85.775556
"Detroit, MI",TAAF,1944-04-15T00:00:00Z,-83.0457538,42.331427,32.491944,-85.775556
"Detroit, MI",TAAF,1944-03-12T00:00:00Z,-83.0457538,42.331427,32.491944,-85.775556
"St. Louis, MO",TAAF,1944-03-12T00:00:00Z,-90.19940419999999,38.6270025,32.491944,-85.775556
"Detroit, MI",TAAF,1944-02-08T00:00:00Z,-83.0457538,42.331427,32.491944,-85.775556
"Oberlin, OH",TAAF,1944-10-16T00:00:00Z,-82.21737859999999,41.2939386,32.491944,-85.775556
"Detroit, MI",TAAF,1944-08-04T00:00:00Z,-83.0457538,42.331427,32.491944,-85.775556
"Baltimore, MD",TAAF,1945-05-23T00:00:00Z,-76.6121893,39.2903848,32.491944,-85.775556
"New Orleans, LA",TAAF,1944-02-01T00:00:00Z,-90.0715323,29.95106579999999,32.491944,-85.775556
"St. Louis, MO",TAAF,1944-06-27T00:00:00Z,-90.19940419999999,38.6270025,32.491944,-85.775556
"Chattanooga, TN",TAAF,1944-08-04T00:00:00Z,-85.3096801,35.0456297,32.491944,-85.775556
"Wichita, KS",TAAF,1945-08-04T00:00:00Z,-97.33005299999999,37.68717609999999,32.491944,-85.775556
"Bronx, NY",TAAF,1944-11-20T00:00:00Z,-73.8648268,40.8447819,32.491944,-85.775556
"Montgomery, AL",TAAF,1942-05-20T00:00:00Z,-86.3077368,32.3792233,32.491944,-85.775556
"Cleveland, OH",TAAF,1945-09-08T00:00:00Z,-81.6943605,41.49932,32.491944,-85.775556
"Lawrenceville, VA",TAAF,1944-09-08T00:00:00Z,-77.84693740000002,36.7576469,32.491944,-85.775556
"New York, NY",TAAF,1943-12-05T00:00:00Z,-74.0059728,40.7127753,32.491944,-85.775556
"San Antonio, TX",TAAF,1945-08-04T00:00:00Z,-98.49362819999999,29.4241219,32.491944,-85.775556
"New York, NY",TAAF,1944-06-27T00:00:00Z,-74.0059728,40.7127753,32.491944,-85.775556
"Detroit, MI",TAAF,1944-03-12T00:00:00Z,-83.0457538,42.331427,32.491944,-85.775556
"New Haven, CT",TAAF,1944-11-20T00:00:00Z,-72.9278835,41.308274,32.491944,-85.775556
"Detroit, MI",TAAF,1945-08-04T00:00:00Z,-83.0457538,42.331427,32.491944,-85.775556
"New York, NY",TAAF,1943-07-28T00:00:00Z,-74.0059728,40.7127753,32.491944,-85.775556
"Asheville, NC",TAAF,1944-01-07T00:00:00Z,-82.5514869,35.5950581,32.491944,-85.775556
"Franklin County, OH",TAAF,1943-09-30T00:00:00Z,-82.99316069999999,40.0154745,32.491944,-85.775556
"Pittsburg, PA",TAAF,1942-07-03T00:00:00Z,-79.9958864,40.44062479999999,32.491944,-85.775556
"Los Angeles, CA",TAAF,1945-06-27T00:00:00Z,-118.2436849,34.0522342,32.491944,-85.775556
"Los Angeles, CA",TAAF,1943-05-28T00:00:00Z,-118.2436849,34.0522342,32.491944,-85.775556
"Chicago Heights, IL",TAAF,1945-09-08T00:00:00Z,-87.6355995,41.506146,32.491944,-85.775556
"Camden, NJ",TAAF,1943-06-30T00:00:00Z,-75.1196199,39.9259463,32.491944,-85.775556
"Washington, DC",TAAF,1944-11-20T00:00:00Z,-77.0368707,38.9071923,32.491944,-85.775556
"Belleville, NJ",TAAF,1944-02-08T00:00:00Z,-74.15004689999999,40.7936744,32.491944,-85.775556
"Los Angeles, CA",TAAF,1945-11-20T00:00:00Z,-118.2436849,34.0522342,32.491944,-85.775556
"Lima, OH",TAAF,1943-04-29T00:00:00Z,-84.1052256,40.742551,32.491944,-85.775556
"Los Angeles, CA",TAAF,1944-03-12T00:00:00Z,-118.2436849,34.0522342,32.491944,-85.775556
"Fairfield, AL",TAAF,1944-01-07T00:00:00Z,-86.91193659999999,33.4859402,32.491944,-85.775556
"Chicago, IL",TAAF,1943-05-28T00:00:00Z,-87.6297982,41.8781136,32.491944,-85.775556
"Columbus, GA",TAAF,1943-12-05T00:00:00Z,-84.9877094,32.4609764,32.491944,-85.775556
"Roanoke, VA",TAAF,1945-08-04T00:00:00Z,-79.9414266,37.2709704,32.491944,-85.775556
"Los Angeles, CA",TAAF,1944-01-07T00:00:00Z,-118.2436849,34.0522342,32.491944,-85.775556
"Philadelphia, PA",TAAF,1945-09-08T00:00:00Z,-75.1652215,39.9525839,32.491944,-85.775556
"Bryn Mawr, PA",TAAF,1945-10-16T00:00:00Z,-75.3151772,40.0230237,32.491944,-85.775556
"Chicago, IL",TAAF,1944-11-20T00:00:00Z,-87.6297982,41.8781136,32.491944,-85.775556
"Los Angeles, CA",TAAF,1944-02-08T00:00:00Z,-118.2436849,34.0522342,32.491944,-85.775556
"Roanoke, VA",TAAF,1943-07-28T00:00:00Z,-79.9414266,37.2709704,32.491944,-85.775556
"San Mateo, CA",TAAF,1943-11-03T00:00:00Z,-122.3255254,37.5629917,32.491944,-85.775556
"Jersey City, NJ",TAAF,1945-06-27T00:00:00Z,-74.0431435,40.7177545,32.491944,-85.775556
"Chicago, IL",TAAF,1944-08-04T00:00:00Z,-87.6297982,41.8781136,32.491944,-85.775556
"Ottumwa, IA",TAAF,1944-05-23T00:00:00Z,-92.40830220000001,41.01602930000001,32.491944,-85.775556
"Marshall, TX",TAAF,1942-12-13T00:00:00Z,-94.36741839999999,32.5448714,32.491944,-85.775556
"Philadelphia, PA",TAAF,1945-09-08T00:00:00Z,-75.1652215,39.9525839,32.491944,-85.775556
"Los Angeles, CA",TAAF,1944-04-15T00:00:00Z,-118.2436849,34.0522342,32.491944,-85.775556
"Cleveland, OH",TAAF,1943-06-30T00:00:00Z,-81.6943605,41.49932,32.491944,-85.775556
"New London, OH",TAAF,1944-12-28T00:00:00Z,-82.39988869999999,41.08505419999999,32.491944,-85.775556
"Tulsa, OK",TAAF,1944-12-28T00:00:00Z,-95.99277500000001,36.1539816,32.491944,-85.775556
"Detroit, MI",TAAF,1944-12-28T00:00:00Z,-83.0457538,42.331427,32.491944,-85.775556
"Chicago, IL",TAAF,1943-09-30T00:00:00Z,-87.6297982,41.8781136,32.491944,-85.775556
"Brooklyn, NY",TAAF,1944-05-23T00:00:00Z,-73.9441579,40.6781784,32.491944,-85.775556
"Chicago, IL",TAAF,1944-03-12T00:00:00Z,-87.6297982,41.8781136,32.491944,-85.775556
"Marion, IN",TAAF,1944-04-15T00:00:00Z,-85.6591442,40.5583739,32.491944,-85.775556
"Independence, KS",TAAF,1945-09-08T00:00:00Z,-95.7083131,37.2242358,32.491944,-85.775556
"Danville, IL",TAAF,1944-04-15T00:00:00Z,-87.6300207,40.124481,32.491944,-85.775556
"Roanoke, VA",TAAF,1943-06-30T00:00:00Z,-79.9414266,37.2709704,32.491944,-85.775556
"Chicago, IL",TAAF,1944-01-07T00:00:00Z,-87.6297982,41.8781136,32.491944,-85.775556
"East St. Louis, IL",TAAF,1945-04-15T00:00:00Z,-90.1506465,38.624514,32.491944,-85.775556
"Seattle, WA",TAAF,1945-04-15T00:00:00Z,-122.3320708,47.6062095,32.491944,-85.775556
"Franklin, VA",TAAF,1945-03-11T00:00:00Z,-76.9224608,36.6776507,32.491944,-85.775556
"Cheriton, VA",TAAF,1944-02-08T00:00:00Z,-75.9713209,37.28958250000001,32.491944,-85.775556
"Springfield, MO",TAAF,1945-05-23T00:00:00Z,-93.29229889999999,37.2089572,32.491944,-85.775556
"Mars, PA",TAAF,1944-04-15T00:00:00Z,-80.0117254,40.6958996,32.491944,-85.775556
"Valdosta, GA",TAAF,1943-08-30T00:00:00Z,-83.2784851,30.8327022,32.491944,-85.775556
"Cleveland, OH",TAAF,1943-12-07T00:00:00Z,-81.6943605,41.49932,32.491944,-85.775556
"Tulsa, OK",TAAF,1945-08-04T00:00:00Z,-95.99277500000001,36.1539816,32.491944,-85.775556
"Mempis, TN",TAAF,1943-08-30T00:00:00Z,-90.0489801,35.1495343,32.491944,-85.775556
"Unk, Unk",TAAF,1943-09-30T00:00:00Z,-99.1014292,40.7011879,32.491944,-85.775556
"Lovelady, TX",TAAF,1944-12-28T00:00:00Z,-95.44555,31.1268207,32.491944,-85.775556
"Williams AFB, AZ","Williams AFB, AZ",1948-10-12T00:00:00Z,-111.6559352,33.3089787,33.308056,-111.659722
"Hamilton County, OH",TAAF,1943-10-22T00:00:00Z,-84.56414699999999,39.2355447,32.491944,-85.775556
"Elmsford, NY",TAAF,1944-06-27T00:00:00Z,-73.8201337,41.0550969,32.491944,-85.775556
"Los Angeles, CA",TAAF,1944-05-23T00:00:00Z,-118.2436849,34.0522342,32.491944,-85.775556
"Pittsburg, PA",TAAF,1944-06-27T00:00:00Z,-79.9958864,40.44062479999999,32.491944,-85.775556
"Sheridan, WY",TAAF,1944-05-23T00:00:00Z,-106.9561791,44.7971939,32.491944,-85.775556
"Berkeley, CA",TAAF,1945-09-08T00:00:00Z,-122.273042,37.8715226,32.491944,-85.775556
"Independence, KS",TAAF,1943-07-28T00:00:00Z,-95.7083131,37.2242358,32.491944,-85.775556
"Mt. Vernon, NY",TAAF,1944-12-28T00:00:00Z,-73.8370786,40.9125992,32.491944,-85.775556
"Washington, DC",TAAF,1945-06-27T00:00:00Z,-77.0368707,38.9071923,32.491944,-85.775556
"Los Angeles, CA",TAAF,1944-11-20T00:00:00Z,-118.2436849,34.0522342,32.491944,-85.775556
"Mempis, TN",TAAF,1944-03-12T00:00:00Z,-90.0489801,35.1495343,32.491944,-85.775556
"Philadelphia, PA",TAAF,1945-05-23T00:00:00Z,-75.1652215,39.9525839,32.491944,-85.775556
"Litchfield Pk, AZ",TAAF,1945-06-27T00:00:00Z,-112.3579364,33.4933743,32.491944,-85.775556
"Oberlin, OH",TAAF,1945-09-08T00:00:00Z,-82.21737859999999,41.2939386,32.491944,-85.775556
